Timestamp_ms,ReferenceFrequencyHz,PhaseErrorNs,DACVoltage_V,LockStatus,LockState,PhaseStale,IsLocked
1787754610765,35487.961,6202.4,1.6504,1,WAIT ZCD,1,0
1787754610794,35502.957,6202.4,1.6504,1,WAIT ZCD,1,0
1787754610824,35487.961,6202.4,1.6504,1,WAIT ZCD,1,0
1787754610855,35487.961,6202.4,1.6504,1,WAIT ZCD,1,0
1787754610885,35487.961,6202.4,1.6504,1,WAIT ZCD,1,0
1787754610914,35487.961,6202.4,1.6504,1,WAIT ZCD,1,0
1787754610945,35502.957,6202.4,1.6504,1,WAIT ZCD,1,0
1787754610975,35487.961,6202.4,1.6504,1,WAIT ZCD,1,0
1787754611004,35487.961,6202.4,1.6504,1,WAIT ZCD,1,0
1787754611035,35487.961,6202.4,1.6504,1,WAIT ZCD,1,0
1787754611065,35487.961,6202.4,1.6504,1,WAIT ZCD,1,0
1787754611094,35487.961,6202.4,1.6504,1,WAIT ZCD,1,0
1787754611125,35502.957,6202.4,1.6504,1,WAIT ZCD,1,0
1787754611155,35502.957,6202.4,1.6504,1,WAIT ZCD,1,0
1787754611184,35487.961,6202.4,1.6504,1,WAIT ZCD,1,0
1787754611215,35502.957,6202.4,1.6504,1,WAIT ZCD,1,0
1787754611245,35487.961,6202.4,1.6504,1,WAIT ZCD,1,0
1787754611275,35502.957,6202.4,1.6504,1,WAIT ZCD,1,0
1787754611305,35487.961,6202.4,1.6504,1,WAIT ZCD,1,0
1787754611335,35487.961,6202.4,1.6504,1,WAIT ZCD,1,0
1787754611364,35487.961,6202.4,1.6504,1,WAIT ZCD,1,0
1787754611394,35487.961,6202.4,1.6504,1,WAIT ZCD,1,0
1787754611425,35487.961,6202.4,1.6504,1,WAIT ZCD,1,0
1787754611455,35487.961,6202.4,1.6504,1,WAIT ZCD,1,0
1787754611485,35487.961,6202.4,1.6504,1,WAIT ZCD,1,0
1787754611514,35487.961,6202.4,1.6504,1,WAIT ZCD,1,0
1787754611544,35487.961,6202.4,1.6504,1,WAIT ZCD,1,0
1787754611574,35487.961,6202.4,1.6504,1,WAIT ZCD,1,0
1787754611605,35487.961,6202.4,1.6504,1,WAIT ZCD,1,0
1787754611635,35487.961,6202.4,1.6504,1,WAIT ZCD,1,0
1787754611664,35502.957,6202.4,1.6504,1,WAIT ZCD,1,0
1787754611695,35487.961,6202.4,1.6504,1,WAIT ZCD,1,0
1787754611725,35487.961,6202.4,1.6504,1,WAIT ZCD,1,0
1787754611755,35487.961,6202.4,1.6504,1,WAIT ZCD,1,0
1787754611784,35487.961,6202.4,1.6504,1,WAIT ZCD,1,0
1787754611814,35487.961,6202.4,1.6504,1,WAIT ZCD,1,0
1787754611844,35487.961,6202.4,1.6504,1,WAIT ZCD,1,0
1787754611875,35502.957,6202.4,1.6504,1,WAIT ZCD,1,0
1787754611905,35487.961,6202.4,1.6504,1,WAIT ZCD,1,0
1787754611934,35487.961,6202.4,1.6504,1,WAIT ZCD,1,0
1787754611964,35487.961,6202.4,1.6504,1,WAIT ZCD,1,0
1787754611995,35487.961,6202.4,1.6504,1,WAIT ZCD,1,0
1787754612025,35487.961,6202.4,1.6504,1,WAIT ZCD,1,0
1787754612055,35487.961,6202.4,1.6504,1,WAIT ZCD,1,0
1787754612085,35487.961,6202.4,1.6504,1,WAIT ZCD,1,0
1787754612115,35502.957,6202.4,1.6504,1,WAIT ZCD,1,0
1787754612144,35487.961,6202.4,1.6504,1,WAIT ZCD,1,0
1787754612175,35487.961,6202.4,1.6504,1,WAIT ZCD,1,0
1787754612205,35502.957,6202.4,1.6504,1,WAIT ZCD,1,0
1787754612235,35487.961,6202.4,1.6504,1,WAIT ZCD,1,0
1787754612265,35487.961,6202.4,1.6504,1,WAIT ZCD,1,0
1787754612295,35502.957,6202.4,1.6504,1,WAIT ZCD,1,0
1787754612324,35487.961,6202.4,1.6504,1,WAIT ZCD,1,0
1787754612355,35487.961,6202.4,1.6504,1,WAIT ZCD,1,0
1787754612385,35487.961,6202.4,1.6504,1,WAIT ZCD,1,0
1787754612415,35502.957,6202.4,1.6504,1,WAIT ZCD,1,0
1787754612445,35502.957,6202.4,1.6504,1,WAIT ZCD,1,0
1787754612475,35502.957,6202.4,1.6504,1,WAIT ZCD,1,0
1787754612505,35502.957,6202.4,1.6504,1,WAIT ZCD,1,0
1787754612534,35487.961,6202.4,1.6504,1,WAIT ZCD,1,0
1787754612565,35487.961,6202.4,1.6504,1,WAIT ZCD,1,0
1787754612595,35487.961,6202.4,1.6504,1,WAIT ZCD,1,0
1787754612625,35502.957,6202.4,1.6504,1,WAIT ZCD,1,0
1787754612655,35487.961,6202.4,1.6504,1,WAIT ZCD,1,0
1787754612685,35487.961,6202.4,1.6504,1,WAIT ZCD,1,0
1787754612715,35487.961,6202.4,1.6504,1,WAIT ZCD,1,0
1787754612745,35502.957,6202.4,1.6504,1,WAIT ZCD,1,0
1787754612775,35487.961,6202.4,1.6504,1,WAIT ZCD,1,0
1787754612805,35487.961,6202.4,1.6504,1,WAIT ZCD,1,0
1787754612835,35487.961,6202.4,1.6504,1,WAIT ZCD,1,0
1787754612865,35487.961,6202.4,1.6504,1,WAIT ZCD,1,0
1787754612895,35487.961,6202.4,1.6504,1,WAIT ZCD,1,0
1787754612925,35487.961,6202.4,1.6504,1,WAIT ZCD,1,0
1787754612955,35487.961,6202.4,1.6504,1,WAIT ZCD,1,0
1787754612985,35487.961,6202.4,1.6504,1,WAIT ZCD,1,0
1787754613015,35487.961,6202.4,1.6504,1,WAIT ZCD,1,0
1787754613045,35487.961,6202.4,1.6504,1,WAIT ZCD,1,0
1787754613075,35487.961,6202.4,1.6504,1,WAIT ZCD,1,0
1787754613105,35487.961,6202.4,1.6504,1,WAIT ZCD,1,0
1787754613135,35487.961,6202.4,1.6504,1,WAIT ZCD,1,0
1787754613165,35502.957,6202.4,1.6504,1,WAIT ZCD,1,0
1787754613195,35502.957,6202.4,1.6504,1,WAIT ZCD,1,0
1787754613225,35502.957,6202.4,1.6504,1,WAIT ZCD,1,0
1787754613255,35487.961,6202.4,1.6504,1,WAIT ZCD,1,0
1787754613285,35487.961,6202.4,1.6504,1,WAIT ZCD,1,0
1787754613315,35487.961,6202.4,1.6504,1,WAIT ZCD,1,0
1787754613345,35487.961,6202.4,1.6504,1,WAIT ZCD,1,0
1787754613375,35487.961,6202.4,1.6504,1,WAIT ZCD,1,0
1787754613405,35502.957,6202.4,1.6504,1,WAIT ZCD,1,0
1787754613435,35487.961,6202.4,1.6504,1,WAIT ZCD,1,0
1787754613465,35487.961,6202.4,1.6504,1,WAIT ZCD,1,0
1787754613495,35502.957,6202.4,1.6504,1,WAIT ZCD,1,0
1787754613525,35502.957,6202.4,1.6504,1,WAIT ZCD,1,0
1787754613555,35487.961,6202.4,1.6504,1,WAIT ZCD,1,0
1787754613585,35487.961,6202.4,1.6504,1,WAIT ZCD,1,0
1787754613615,35487.961,6202.4,1.6504,1,WAIT ZCD,1,0
1787754613645,35502.957,6202.4,1.6504,1,WAIT ZCD,1,0
1787754613675,35487.961,6202.4,1.6504,1,WAIT ZCD,1,0
1787754613705,35487.961,6202.4,1.6504,1,WAIT ZCD,1,0
1787754613735,35487.961,6202.4,1.6504,1,WAIT ZCD,1,0
1787754613765,35487.961,6202.4,1.6504,1,WAIT ZCD,1,0
1787754613795,35487.961,6202.4,1.6504,1,WAIT ZCD,1,0
1787754613825,35502.957,6202.4,1.6504,1,WAIT ZCD,1,0
1787754613855,35487.961,6202.4,1.6504,1,WAIT ZCD,1,0
1787754613885,35487.961,6202.4,1.6504,1,WAIT ZCD,1,0
1787754613915,35487.961,6202.4,1.6504,1,WAIT ZCD,1,0
1787754613945,35487.961,6202.4,1.6504,1,WAIT ZCD,1,0
1787754613975,35487.961,6202.4,1.6504,1,WAIT ZCD,1,0
1787754614005,35487.961,6202.4,1.6504,1,WAIT ZCD,1,0
1787754614035,35487.961,6202.4,1.6504,1,WAIT ZCD,1,0
1787754614065,35502.957,6202.4,1.6504,1,WAIT ZCD,1,0
1787754614095,35502.957,6202.4,1.6504,1,WAIT ZCD,1,0
1787754614125,35502.957,6202.4,1.6504,1,WAIT ZCD,1,0
1787754614155,35487.961,6202.4,1.6504,1,WAIT ZCD,1,0
1787754614185,35487.961,6202.4,1.6504,1,WAIT ZCD,1,0
1787754614215,35502.957,6202.4,1.6504,1,WAIT ZCD,1,0
1787754614245,35487.961,6202.4,1.6504,1,WAIT ZCD,1,0
1787754614275,35487.961,6202.4,1.6504,1,WAIT ZCD,1,0
1787754614305,35502.957,6202.4,1.6504,1,WAIT ZCD,1,0
1787754614335,35502.957,6202.4,1.6504,1,WAIT ZCD,1,0
1787754614365,35502.957,6202.4,1.6504,1,WAIT ZCD,1,0
1787754614395,35487.961,6202.4,1.6504,1,WAIT ZCD,1,0
1787754614425,35487.961,6202.4,1.6504,1,WAIT ZCD,1,0
1787754614455,35502.957,6202.4,1.6504,1,WAIT ZCD,1,0
1787754614485,35487.961,6202.4,1.6504,1,WAIT ZCD,1,0
1787754614515,35502.957,6202.4,1.6504,1,WAIT ZCD,1,0
1787754614545,35487.961,6202.4,1.6504,1,WAIT ZCD,1,0
1787754614575,35502.957,6202.4,1.6504,1,WAIT ZCD,1,0
1787754614605,35487.961,6202.4,1.6504,1,WAIT ZCD,1,0
1787754614635,35487.961,6202.4,1.6504,1,WAIT ZCD,1,0
1787754614665,35487.961,6202.4,1.6504,1,WAIT ZCD,1,0
1787754614695,35487.961,6202.4,1.6504,1,WAIT ZCD,1,0
1787754614725,35487.961,6202.4,1.6504,1,WAIT ZCD,1,0
1787754614755,35487.961,6202.4,1.6504,1,WAIT ZCD,1,0
1787754614785,35487.961,6202.4,1.6504,1,WAIT ZCD,1,0
1787754614815,35487.961,6202.4,1.6504,1,WAIT ZCD,1,0
1787754614845,35487.961,6202.4,1.6504,1,WAIT ZCD,1,0
1787754614875,35487.961,6202.4,1.6504,1,WAIT ZCD,1,0
1787754614905,35487.961,6202.4,1.6504,1,WAIT ZCD,1,0
1787754614935,35487.961,6202.4,1.6504,1,WAIT ZCD,1,0
1787754614965,35502.957,6202.4,1.6504,1,WAIT ZCD,1,0
1787754614995,35487.961,6202.4,1.6504,1,WAIT ZCD,1,0
1787754615025,35502.957,6202.4,1.6504,1,WAIT ZCD,1,0
1787754615055,35487.961,6202.4,1.6504,1,WAIT ZCD,1,0
1787754615085,35502.957,6202.4,1.6504,1,WAIT ZCD,1,0
1787754615115,35487.961,6202.4,1.6504,1,WAIT ZCD,1,0
1787754615145,35502.957,6202.4,1.6504,1,WAIT ZCD,1,0
1787754615175,35487.961,6202.4,1.6504,1,WAIT ZCD,1,0
1787754615205,35487.961,6202.4,1.6504,1,WAIT ZCD,1,0
1787754615235,35502.957,6202.4,1.6504,1,WAIT ZCD,1,0
1787754615265,35502.957,6202.4,1.6504,1,WAIT ZCD,1,0
1787754615295,35487.961,6202.4,1.6504,1,WAIT ZCD,1,0
1787754615325,35487.961,6202.4,1.6504,1,WAIT ZCD,1,0
1787754615355,35487.961,6202.4,1.6504,1,WAIT ZCD,1,0
1787754615385,35502.957,6202.4,1.6504,1,WAIT ZCD,1,0
1787754615415,35487.961,6202.4,1.6504,1,WAIT ZCD,1,0
1787754615445,35487.961,6202.4,1.6504,1,WAIT ZCD,1,0
1787754615475,35487.961,6202.4,1.6504,1,WAIT ZCD,1,0
1787754615505,35487.961,6202.4,1.6504,1,WAIT ZCD,1,0
1787754615535,35502.957,6202.4,1.6504,1,WAIT ZCD,1,0
1787754615565,35502.957,6202.4,1.6504,1,WAIT ZCD,1,0
1787754615595,35487.961,6202.4,1.6504,1,WAIT ZCD,1,0
1787754615625,35487.961,6202.4,1.6504,1,WAIT ZCD,1,0
1787754615655,35487.961,6202.4,1.6504,1,WAIT ZCD,1,0
1787754615685,35502.957,6202.4,1.6504,1,WAIT ZCD,1,0
1787754615715,35502.957,6202.4,1.6504,1,WAIT ZCD,1,0
1787754615745,35487.961,6202.4,1.6504,1,WAIT ZCD,1,0
1787754615775,35487.961,6202.4,1.6504,1,WAIT ZCD,1,0
1787754615805,35487.961,6202.4,1.6504,1,WAIT ZCD,1,0
1787754615835,35487.961,6202.4,1.6504,1,WAIT ZCD,1,0
1787754615865,35487.961,6202.4,1.6504,1,WAIT ZCD,1,0
1787754615895,35487.961,6202.4,1.6504,1,WAIT ZCD,1,0
1787754615925,35487.961,6202.4,1.6504,1,WAIT ZCD,1,0
1787754615955,35502.957,6202.4,1.6504,1,WAIT ZCD,1,0
1787754615985,35487.961,6202.4,1.6504,1,WAIT ZCD,1,0
1787754616015,35502.957,6202.4,1.6504,1,WAIT ZCD,1,0
1787754616045,35487.961,6202.4,1.6504,1,WAIT ZCD,1,0
1787754616075,35502.957,6202.4,1.6504,1,WAIT ZCD,1,0
1787754616105,35487.961,6202.4,1.6504,1,WAIT ZCD,1,0
1787754616135,35487.961,6202.4,1.6504,1,WAIT ZCD,1,0
1787754616165,35502.957,6202.4,1.6504,1,WAIT ZCD,1,0
1787754616195,35487.961,6202.4,1.6504,1,WAIT ZCD,1,0
1787754616225,35487.961,6202.4,1.6504,1,WAIT ZCD,1,0
1787754616255,35502.957,6202.4,1.6504,1,WAIT ZCD,1,0
1787754616285,35487.961,6202.4,1.6504,1,WAIT ZCD,1,0
1787754616315,35487.961,6202.4,1.6504,1,WAIT ZCD,1,0
1787754616345,35487.961,6202.4,1.6504,1,WAIT ZCD,1,0
1787754616375,35487.961,6202.4,1.6504,1,WAIT ZCD,1,0
1787754616405,35487.961,6202.4,1.6504,1,WAIT ZCD,1,0
1787754616435,35487.961,6202.4,1.6504,1,WAIT ZCD,1,0
1787754616466,35487.961,6202.4,1.6504,1,WAIT ZCD,1,0
1787754616495,35487.961,6202.4,1.6504,1,WAIT ZCD,1,0
1787754616525,35487.961,6202.4,1.6504,1,WAIT ZCD,1,0
1787754616555,35487.961,6202.4,1.6504,1,WAIT ZCD,1,0
1787754616585,35487.961,6202.4,1.6504,1,WAIT ZCD,1,0
1787754616615,35502.957,6202.4,1.6504,1,WAIT ZCD,1,0
1787754616645,35487.961,6202.4,1.6504,1,WAIT ZCD,1,0
1787754616675,35487.961,6202.4,1.6504,1,WAIT ZCD,1,0
1787754616705,35487.961,6202.4,1.6504,1,WAIT ZCD,1,0
1787754616735,35487.961,6202.4,1.6504,1,WAIT ZCD,1,0
1787754616765,35502.957,6202.4,1.6504,1,WAIT ZCD,1,0
1787754616795,35487.961,6202.4,1.6504,1,WAIT ZCD,1,0
1787754616825,35487.961,6202.4,1.6504,1,WAIT ZCD,1,0
1787754616855,35487.961,6202.4,1.6504,1,WAIT ZCD,1,0
1787754616885,35487.961,6202.4,1.6504,1,WAIT ZCD,1,0
1787754616915,35487.961,6202.4,1.6504,1,WAIT ZCD,1,0
1787754616945,35487.961,6202.4,1.6504,1,WAIT ZCD,1,0
1787754616975,35487.961,6202.4,1.6504,1,WAIT ZCD,1,0
1787754617005,35487.961,6202.4,1.6504,1,WAIT ZCD,1,0
1787754617035,35487.961,6202.4,1.6504,1,WAIT ZCD,1,0
1787754617065,35487.961,6202.4,1.6504,1,WAIT ZCD,1,0
1787754617095,35487.961,6202.4,1.6504,1,WAIT ZCD,1,0
1787754617125,35487.961,6202.4,1.6504,1,WAIT ZCD,1,0
1787754617155,35487.961,6202.4,1.6504,1,WAIT ZCD,1,0
1787754617185,35502.957,6202.4,1.6504,1,WAIT ZCD,1,0
1787754617215,35487.961,6202.4,1.6504,1,WAIT ZCD,1,0
1787754617245,35502.957,6202.4,1.6504,1,WAIT ZCD,1,0
1787754617275,35487.961,6202.4,1.6504,1,WAIT ZCD,1,0
1787754617305,35502.957,6202.4,1.6504,1,WAIT ZCD,1,0
1787754617335,35487.961,6202.4,1.6504,1,WAIT ZCD,1,0
1787754617365,35502.957,6202.4,1.6504,1,WAIT ZCD,1,0
1787754617395,35487.961,6202.4,1.6504,1,WAIT ZCD,1,0
1787754617425,35487.961,6202.4,1.6504,1,WAIT ZCD,1,0
1787754617455,35487.961,6202.4,1.6504,1,WAIT ZCD,1,0
1787754617485,35502.957,6202.4,1.6504,1,WAIT ZCD,1,0
1787754617515,35487.961,6202.4,1.6504,1,WAIT ZCD,1,0
1787754617545,35487.961,6202.4,1.6504,1,WAIT ZCD,1,0
1787754617575,35487.961,6202.4,1.6504,1,WAIT ZCD,1,0
1787754617605,35487.961,6202.4,1.6504,1,WAIT ZCD,1,0
1787754617635,35502.957,6202.4,1.6504,1,WAIT ZCD,1,0
1787754617665,35502.957,6202.4,1.6504,1,WAIT ZCD,1,0
1787754617695,35502.957,6202.4,1.6504,1,WAIT ZCD,1,0
1787754617725,35487.961,6202.4,1.6504,1,WAIT ZCD,1,0
1787754617755,35487.961,6202.4,1.6504,1,WAIT ZCD,1,0
1787754617785,35502.957,6202.4,1.6504,1,WAIT ZCD,1,0
1787754617815,35502.957,6202.4,1.6504,1,WAIT ZCD,1,0
1787754617845,35487.961,6202.4,1.6504,1,WAIT ZCD,1,0
1787754617875,35502.957,6202.4,1.6504,1,WAIT ZCD,1,0
1787754617905,35502.957,6202.4,1.6504,1,WAIT ZCD,1,0
1787754617935,35487.961,6202.4,1.6504,1,WAIT ZCD,1,0
1787754617965,35487.961,6202.4,1.6504,1,WAIT ZCD,1,0
1787754617995,35502.957,6202.4,1.6504,1,WAIT ZCD,1,0
1787754618025,35487.961,6202.4,1.6504,1,WAIT ZCD,1,0
1787754618055,35487.961,6202.4,1.6504,1,WAIT ZCD,1,0
1787754618085,35502.957,6202.4,1.6504,1,WAIT ZCD,1,0
1787754618115,35487.961,6202.4,1.6504,1,WAIT ZCD,1,0
1787754618145,35502.957,6202.4,1.6504,1,WAIT ZCD,1,0
1787754618175,35487.961,6202.4,1.6504,1,WAIT ZCD,1,0
1787754618205,35487.961,6202.4,1.6504,1,WAIT ZCD,1,0
1787754618235,35487.961,6202.4,1.6504,1,WAIT ZCD,1,0
1787754618265,35487.961,6202.4,1.6504,1,WAIT ZCD,1,0
1787754618295,35487.961,6202.4,1.6504,1,WAIT ZCD,1,0
1787754618325,35487.961,6202.4,1.6504,1,WAIT ZCD,1,0
1787754618355,35487.961,6202.4,1.6504,1,WAIT ZCD,1,0
1787754618385,35487.961,6202.4,1.6504,1,WAIT ZCD,1,0
1787754618415,35487.961,6202.4,1.6504,1,WAIT ZCD,1,0
1787754618445,35487.961,6202.4,1.6504,1,WAIT ZCD,1,0
1787754618475,35487.961,6202.4,1.6504,1,WAIT ZCD,1,0
1787754618505,35487.961,6202.4,1.6504,1,WAIT ZCD,1,0
1787754618535,35487.961,6202.4,1.6504,1,WAIT ZCD,1,0
1787754618565,35487.961,6202.4,1.6504,1,WAIT ZCD,1,0
1787754618595,35502.957,6202.4,1.6504,1,WAIT ZCD,1,0
1787754618625,35487.961,6202.4,1.6504,1,WAIT ZCD,1,0
1787754618655,35487.961,6202.4,1.6504,1,WAIT ZCD,1,0
1787754618685,35487.961,6202.4,1.6504,1,WAIT ZCD,1,0
1787754618715,35502.957,6202.4,1.6504,1,WAIT ZCD,1,0
1787754618745,35487.961,6202.4,1.6504,1,WAIT ZCD,1,0
1787754618775,35487.961,6202.4,1.6504,1,WAIT ZCD,1,0
1787754618805,35487.961,6202.4,1.6504,1,WAIT ZCD,1,0
1787754618835,35487.961,6202.4,1.6504,1,WAIT ZCD,1,0
1787754618865,35502.957,6202.4,1.6504,1,WAIT ZCD,1,0
1787754618895,35502.957,6202.4,1.6504,1,WAIT ZCD,1,0
1787754618925,35502.957,6202.4,1.6504,1,WAIT ZCD,1,0
1787754618955,35502.957,6202.4,1.6504,1,WAIT ZCD,1,0
1787754618985,35487.961,6202.4,1.6504,1,WAIT ZCD,1,0
1787754619015,35487.961,6202.4,1.6504,1,WAIT ZCD,1,0
1787754619045,35487.961,6202.4,1.6504,1,WAIT ZCD,1,0
1787754619075,35502.957,6202.4,1.6504,1,WAIT ZCD,1,0
1787754619105,35502.957,6202.4,1.6504,1,WAIT ZCD,1,0
1787754619135,35487.961,6202.4,1.6504,1,WAIT ZCD,1,0
1787754619165,35502.957,6202.4,1.6504,1,WAIT ZCD,1,0
1787754619195,35502.957,6202.4,1.6504,1,WAIT ZCD,1,0
1787754619225,35487.961,6202.4,1.6504,1,WAIT ZCD,1,0
1787754619255,35502.957,6202.4,1.6504,1,WAIT ZCD,1,0
1787754619285,35502.957,6202.4,1.6504,1,WAIT ZCD,1,0
1787754619315,35487.961,6202.4,1.6504,1,WAIT ZCD,1,0
1787754619345,35487.961,6202.4,1.6504,1,WAIT ZCD,1,0
1787754619375,35502.957,6202.4,1.6504,1,WAIT ZCD,1,0
1787754619405,35487.961,6202.4,1.6504,1,WAIT ZCD,1,0
1787754619435,35502.957,6202.4,1.6504,1,WAIT ZCD,1,0
1787754619465,35487.961,6202.4,1.6504,1,WAIT ZCD,1,0
1787754619495,35487.961,6202.4,1.6504,1,WAIT ZCD,1,0
1787754619525,35487.961,6202.4,1.6504,1,WAIT ZCD,1,0
1787754619555,35487.961,6202.4,1.6504,1,WAIT ZCD,1,0
1787754619585,35502.957,6202.4,1.6504,1,WAIT ZCD,1,0
1787754619615,35502.957,6202.4,1.6504,1,WAIT ZCD,1,0
1787754619645,35502.957,6202.4,1.6504,1,WAIT ZCD,1,0
1787754619675,34090.910,7476.2,1.3079,2,TRACK,0,0
1787754619705,33667.336,702.4,1.2442,2,TRACK,0,0
1787754619735,33653.848,23.8,1.2434,3,LOCK,0,1
1787754619765,33640.367,-23.8,1.2410,3,LOCK,0,1
1787754619795,33640.367,59.5,1.2394,2,TRACK,0,0
1787754619825,33640.367,-47.6,1.2402,2,TRACK,0,0
1787754619855,33640.367,11.9,1.2386,3,LOCK,0,1
1787754619885,33626.902,-142.9,1.2418,2,TRACK,0,0
1787754619915,33626.902,-35.7,1.2362,2,TRACK,0,0
1787754619945,33626.902,-23.8,1.2354,3,LOCK,0,1
1787754619975,33626.902,-11.9,1.2354,3,LOCK,0,1
1787754620005,33626.902,119.0,1.2330,2,TRACK,0,0
1787754620035,33640.367,95.2,1.2370,2,TRACK,0,0
1787754620065,33626.902,35.7,1.2346,2,TRACK,0,0
1787754620095,33626.902,11.9,1.2338,3,LOCK,0,1
1787754620127,33789.219,7476.2,1.2330,1,WAIT ZCD,1,0
1787754620155,33789.219,7476.2,1.2330,1,WAIT ZCD,1,0
1787754620185,33789.219,7476.2,1.2330,1,WAIT ZCD,1,0
1787754620215,33789.219,7476.2,1.2330,1,WAIT ZCD,1,0
1787754620245,33775.633,7476.2,1.2330,1,WAIT ZCD,1,0
1787754620275,33789.219,7476.2,1.2330,1,WAIT ZCD,1,0
1787754620305,33789.219,7476.2,1.2330,1,WAIT ZCD,1,0
1787754620335,33789.219,7476.2,1.2330,1,WAIT ZCD,1,0
1787754620365,33789.219,7476.2,1.2330,1,WAIT ZCD,1,0
1787754620395,33789.219,7476.2,1.2330,1,WAIT ZCD,1,0
1787754620425,33789.219,7476.2,1.2330,1,WAIT ZCD,1,0
1787754620455,33789.219,7476.2,1.2330,1,WAIT ZCD,1,0
1787754620485,33775.633,7476.2,1.2330,1,WAIT ZCD,1,0
1787754620515,33802.816,7476.2,1.2330,1,WAIT ZCD,1,0
1787754620545,33789.219,7476.2,1.2330,1,WAIT ZCD,1,0
1787754620575,33775.633,7476.2,1.2330,1,WAIT ZCD,1,0
1787754620605,33789.219,7476.2,1.2330,1,WAIT ZCD,1,0
1787754620635,33789.219,7476.2,1.2330,1,WAIT ZCD,1,0
1787754620665,33789.219,7476.2,1.2330,1,WAIT ZCD,1,0
1787754620695,33789.219,7476.2,1.2330,1,WAIT ZCD,1,0
1787754620725,33789.219,7476.2,1.2330,1,WAIT ZCD,1,0
1787754620755,33789.219,7476.2,1.2330,1,WAIT ZCD,1,0
1787754620785,33789.219,7476.2,1.2330,1,WAIT ZCD,1,0
1787754620815,33789.219,7476.2,1.2330,1,WAIT ZCD,1,0
1787754620845,33789.219,7476.2,1.2330,1,WAIT ZCD,1,0
1787754620875,33802.816,7476.2,1.2330,1,WAIT ZCD,1,0
1787754620905,33789.219,7476.2,1.2330,1,WAIT ZCD,1,0
1787754620936,33789.219,7476.2,1.2330,1,WAIT ZCD,1,0
1787754620965,33789.219,7476.2,1.2330,1,WAIT ZCD,1,0
1787754620995,33789.219,7476.2,1.2330,1,WAIT ZCD,1,0
1787754621025,33789.219,7476.2,1.2330,1,WAIT ZCD,1,0
1787754621055,33789.219,7476.2,1.2330,1,WAIT ZCD,1,0
1787754621085,33789.219,7476.2,1.2330,1,WAIT ZCD,1,0
1787754621115,34854.773,9261.9,1.4989,2,TRACK,0,0
1787754621145,33721.398,2214.3,1.2515,2,TRACK,0,0
1787754621175,33667.336,607.1,1.2257,2,TRACK,0,0
1787754621205,33626.902,154.8,1.2273,2,TRACK,0,0
1787754621235,33640.367,-59.5,1.2297,2,TRACK,0,0
1787754621265,33640.367,-59.5,1.2305,2,TRACK,0,0
1787754621295,33626.902,-71.4,1.2305,2,TRACK,0,0
1787754621325,33626.902,-59.5,1.2281,2,TRACK,0,0
1787754621355,33626.902,-23.8,1.2305,3,LOCK,0,1
1787754621385,33626.902,-59.5,1.2305,2,TRACK,0,0
1787754621415,33626.902,59.5,1.2281,2,TRACK,0,0
1787754621445,33613.445,59.5,1.2297,2,TRACK,0,0
1787754621475,33613.445,-59.5,1.2305,2,TRACK,0,0
1787754621505,33626.902,-11.9,1.2289,3,LOCK,0,1
1787754621535,33626.902,-35.7,1.2305,2,TRACK,0,0
1787754621565,33680.836,9261.9,1.1991,1,WAIT ZCD,1,0
1787754621595,33667.336,9261.9,1.1991,1,WAIT ZCD,1,0
1787754621625,33680.836,9261.9,1.1991,1,WAIT ZCD,1,0
1787754621655,33694.344,9261.9,1.1991,1,WAIT ZCD,1,0
1787754621686,33680.836,9261.9,1.1991,1,WAIT ZCD,1,0
1787754621715,33680.836,9261.9,1.1991,1,WAIT ZCD,1,0
1787754621745,33680.836,9261.9,1.1991,1,WAIT ZCD,1,0
1787754621775,33680.836,9261.9,1.1991,1,WAIT ZCD,1,0
1787754621805,33680.836,9261.9,1.1991,1,WAIT ZCD,1,0
1787754621835,33680.836,9261.9,1.1991,1,WAIT ZCD,1,0
1787754621865,33680.836,9261.9,1.1991,1,WAIT ZCD,1,0
1787754621895,33680.836,9261.9,1.1991,1,WAIT ZCD,1,0
1787754621925,33680.836,9261.9,1.1991,1,WAIT ZCD,1,0
1787754621955,33680.836,9261.9,1.1991,1,WAIT ZCD,1,0
1787754621987,33680.836,9261.9,1.1991,1,WAIT ZCD,1,0
1787754622015,33667.336,9261.9,1.1991,1,WAIT ZCD,1,0
1787754622045,33694.344,9261.9,1.1991,1,WAIT ZCD,1,0
1787754622075,33680.836,9261.9,1.1991,1,WAIT ZCD,1,0
1787754622105,33680.836,9261.9,1.1991,1,WAIT ZCD,1,0
1787754622135,33680.836,9261.9,1.1991,1,WAIT ZCD,1,0
1787754622165,33667.336,9261.9,1.1991,1,WAIT ZCD,1,0
1787754622195,33680.836,9261.9,1.1991,1,WAIT ZCD,1,0
1787754622225,33680.836,9261.9,1.1991,1,WAIT ZCD,1,0
1787754622256,33680.836,9261.9,1.1991,1,WAIT ZCD,1,0
1787754622285,33680.836,9261.9,1.1991,1,WAIT ZCD,1,0
1787754622315,33667.336,9261.9,1.1991,1,WAIT ZCD,1,0
1787754622345,33680.836,9261.9,1.1991,1,WAIT ZCD,1,0
1787754622375,33680.836,9261.9,1.1991,1,WAIT ZCD,1,0
1787754622405,33680.836,9261.9,1.1991,1,WAIT ZCD,1,0
1787754622435,33680.836,9261.9,1.1991,1,WAIT ZCD,1,0
1787754622465,33680.836,9261.9,1.1991,1,WAIT ZCD,1,0
1787754622495,33680.836,9261.9,1.1991,1,WAIT ZCD,1,0
1787754622525,33680.836,9261.9,1.1991,1,WAIT ZCD,1,0
1787754622555,33680.836,9261.9,1.1991,1,WAIT ZCD,1,0
1787754622585,34341.781,8428.6,1.3740,2,TRACK,0,0
1787754622615,33653.848,1333.3,1.2378,2,TRACK,0,0
1787754622645,33640.367,214.3,1.2297,2,TRACK,0,0
1787754622675,33626.902,59.5,1.2257,2,TRACK,0,0
1787754622705,33626.902,59.5,1.2241,2,TRACK,0,0
1787754622735,33626.902,0.0,1.2257,3,LOCK,0,1
1787754622765,33626.902,71.4,1.2273,2,TRACK,0,0
1787754622795,33626.902,-35.7,1.2265,2,TRACK,0,0
1787754622825,33613.445,-59.5,1.2249,2,TRACK,0,0
1787754622855,33626.902,-11.9,1.2265,3,LOCK,0,1
1787754622885,33613.445,-71.4,1.2249,2,TRACK,0,0
1787754622915,33613.445,11.9,1.2257,3,LOCK,0,1
1787754622945,33613.445,35.7,1.2249,2,TRACK,0,0
1787754622975,33613.445,11.9,1.2265,3,LOCK,0,1
1787754623005,33613.445,-47.6,1.2265,2,TRACK,0,0
1787754623035,33789.219,8428.6,1.2305,1,WAIT ZCD,1,0
1787754623065,33775.633,8428.6,1.2305,1,WAIT ZCD,1,0
1787754623095,33775.633,8428.6,1.2305,1,WAIT ZCD,1,0
1787754623125,33775.633,8428.6,1.2305,1,WAIT ZCD,1,0
1787754623155,33789.219,8428.6,1.2305,1,WAIT ZCD,1,0
1787754623185,33775.633,8428.6,1.2305,1,WAIT ZCD,1,0
1787754623215,33789.219,8428.6,1.2305,1,WAIT ZCD,1,0
1787754623245,33789.219,8428.6,1.2305,1,WAIT ZCD,1,0
1787754623275,33775.633,8428.6,1.2305,1,WAIT ZCD,1,0
1787754623305,33775.633,8428.6,1.2305,1,WAIT ZCD,1,0
1787754623335,33775.633,8428.6,1.2305,1,WAIT ZCD,1,0
1787754623365,33775.633,8428.6,1.2305,1,WAIT ZCD,1,0
1787754623395,33775.633,8428.6,1.2305,1,WAIT ZCD,1,0
1787754623425,33775.633,8428.6,1.2305,1,WAIT ZCD,1,0
1787754623455,33775.633,8428.6,1.2305,1,WAIT ZCD,1,0
1787754623485,33775.633,8428.6,1.2305,1,WAIT ZCD,1,0
1787754623515,33789.219,8428.6,1.2305,1,WAIT ZCD,1,0
1787754623545,33789.219,8428.6,1.2305,1,WAIT ZCD,1,0
1787754623575,33789.219,8428.6,1.2305,1,WAIT ZCD,1,0
1787754623605,33775.633,8428.6,1.2305,1,WAIT ZCD,1,0
1787754623635,33775.633,8428.6,1.2305,1,WAIT ZCD,1,0
1787754623665,33775.633,8428.6,1.2305,1,WAIT ZCD,1,0
1787754623695,33789.219,8428.6,1.2305,1,WAIT ZCD,1,0
1787754623725,33789.219,8428.6,1.2305,1,WAIT ZCD,1,0
1787754623755,33775.633,8428.6,1.2305,1,WAIT ZCD,1,0
1787754623785,33789.219,8428.6,1.2305,1,WAIT ZCD,1,0
1787754623815,33775.633,8428.6,1.2305,1,WAIT ZCD,1,0
1787754623845,33789.219,8428.6,1.2305,1,WAIT ZCD,1,0
1787754623876,33775.633,8428.6,1.2305,1,WAIT ZCD,1,0
1787754623905,33789.219,8428.6,1.2305,1,WAIT ZCD,1,0
1787754623935,33775.633,8428.6,1.2305,1,WAIT ZCD,1,0
1787754623966,33775.633,8428.6,1.2305,1,WAIT ZCD,1,0
1787754623995,33775.633,8428.6,1.2305,1,WAIT ZCD,1,0
1787754624027,35517.969,9761.9,1.6198,2,TRACK,0,0
1787754624057,33775.633,4357.1,1.2467,2,TRACK,0,0
1787754624086,33640.367,547.6,1.2289,2,TRACK,0,0
1787754624116,33613.445,23.8,1.2249,3,LOCK,0,1
1787754624146,33613.445,-11.9,1.2233,3,LOCK,0,1
1787754624176,33626.902,-23.8,1.2233,3,LOCK,0,1
1787754624206,33613.445,-35.7,1.2217,2,TRACK,0,0
1787754624237,33613.445,-23.8,1.2225,3,LOCK,0,1
1787754624266,33626.902,-23.8,1.2233,3,LOCK,0,1
1787754624296,33626.902,-11.9,1.2241,3,LOCK,0,1
1787754624327,33626.902,71.4,1.2249,2,TRACK,0,0
1787754624356,33613.445,-11.9,1.2233,3,LOCK,0,1
1787754624386,33613.445,35.7,1.2233,2,TRACK,0,0
1787754624416,33600.000,-47.6,1.2217,2,TRACK,0,0
1787754624446,33613.445,-11.9,1.2233,3,LOCK,0,1
1787754624476,33775.633,13214.3,1.1927,2,TRACK,0,0
1787754624506,33748.492,9761.9,1.2225,1,WAIT ZCD,1,0
1787754624536,33748.492,9761.9,1.2225,1,WAIT ZCD,1,0
1787754624566,33762.059,9761.9,1.2225,1,WAIT ZCD,1,0
1787754624596,33748.492,9761.9,1.2225,1,WAIT ZCD,1,0
1787754624627,33762.059,9761.9,1.2225,1,WAIT ZCD,1,0
1787754624656,33762.059,9761.9,1.2225,1,WAIT ZCD,1,0
1787754624686,33762.059,9761.9,1.2225,1,WAIT ZCD,1,0
1787754624716,33762.059,9761.9,1.2225,1,WAIT ZCD,1,0
1787754624746,33762.059,9761.9,1.2225,1,WAIT ZCD,1,0
1787754624776,33762.059,9761.9,1.2225,1,WAIT ZCD,1,0
1787754624806,33762.059,9761.9,1.2225,1,WAIT ZCD,1,0
1787754624836,33748.492,9761.9,1.2225,1,WAIT ZCD,1,0
1787754624866,33748.492,9761.9,1.2225,1,WAIT ZCD,1,0
1787754624896,33762.059,9761.9,1.2225,1,WAIT ZCD,1,0
1787754624926,33762.059,9761.9,1.2225,1,WAIT ZCD,1,0
1787754624956,33762.059,9761.9,1.2225,1,WAIT ZCD,1,0
1787754624986,33748.492,9761.9,1.2225,1,WAIT ZCD,1,0
1787754625016,33762.059,9761.9,1.2225,1,WAIT ZCD,1,0
1787754625046,33762.059,9761.9,1.2225,1,WAIT ZCD,1,0
1787754625076,33748.492,9761.9,1.2225,1,WAIT ZCD,1,0
1787754625106,33762.059,9761.9,1.2225,1,WAIT ZCD,1,0
1787754625136,33748.492,9761.9,1.2225,1,WAIT ZCD,1,0
1787754625166,33748.492,9761.9,1.2225,1,WAIT ZCD,1,0
1787754625196,33748.492,9761.9,1.2225,1,WAIT ZCD,1,0
1787754625226,33748.492,9761.9,1.2225,1,WAIT ZCD,1,0
1787754625256,33748.492,9761.9,1.2225,1,WAIT ZCD,1,0
1787754625286,33762.059,9761.9,1.2225,1,WAIT ZCD,1,0
1787754625317,33762.059,9761.9,1.2225,1,WAIT ZCD,1,0
1787754625346,33748.492,9761.9,1.2225,1,WAIT ZCD,1,0
1787754625376,33762.059,9761.9,1.2225,1,WAIT ZCD,1,0
1787754625406,33762.059,9761.9,1.2225,1,WAIT ZCD,1,0
1787754625437,33762.059,9761.9,1.2225,1,WAIT ZCD,1,0
1787754625467,33762.059,9761.9,1.2225,1,WAIT ZCD,1,0
1787754625496,34454.473,8714.3,1.3845,2,TRACK,0,0
1787754625526,33680.836,1595.2,1.2378,2,TRACK,0,0
1787754625556,33626.902,285.7,1.2225,2,TRACK,0,0
1787754625586,33613.445,-35.7,1.2225,2,TRACK,0,0
1787754625616,33626.902,11.9,1.2209,3,LOCK,0,1
1787754625647,33613.445,11.9,1.2209,3,LOCK,0,1
1787754625676,33613.445,-11.9,1.2217,3,LOCK,0,1
1787754625706,33613.445,23.8,1.2209,3,LOCK,0,1
1787754625737,33613.445,-11.9,1.2217,3,LOCK,0,1
1787754625766,33626.902,83.3,1.2193,2,TRACK,0,0
1787754625796,33600.000,0.0,1.2217,3,LOCK,0,1
1787754625827,33613.445,0.0,1.2225,3,LOCK,0,1
1787754625857,33600.000,-11.9,1.2233,3,LOCK,0,1
1787754625886,33613.445,-23.8,1.2233,3,LOCK,0,1
1787754625916,33613.445,0.0,1.2217,3,LOCK,0,1
1787754625946,33748.492,8714.3,1.2225,1,WAIT ZCD,1,0
1787754625977,33748.492,8714.3,1.2225,1,WAIT ZCD,1,0
1787754626006,33748.492,8714.3,1.2225,1,WAIT ZCD,1,0
1787754626037,33748.492,8714.3,1.2225,1,WAIT ZCD,1,0
1787754626066,33762.059,8714.3,1.2225,1,WAIT ZCD,1,0
1787754626096,33762.059,8714.3,1.2225,1,WAIT ZCD,1,0
1787754626127,33748.492,8714.3,1.2225,1,WAIT ZCD,1,0
1787754626157,33762.059,8714.3,1.2225,1,WAIT ZCD,1,0
1787754626186,33748.492,8714.3,1.2225,1,WAIT ZCD,1,0
1787754626216,33762.059,8714.3,1.2225,1,WAIT ZCD,1,0
1787754626247,33748.492,8714.3,1.2225,1,WAIT ZCD,1,0
1787754626276,33762.059,8714.3,1.2225,1,WAIT ZCD,1,0
1787754626306,33748.492,8714.3,1.2225,1,WAIT ZCD,1,0
1787754626337,33748.492,8714.3,1.2225,1,WAIT ZCD,1,0
1787754626366,33748.492,8714.3,1.2225,1,WAIT ZCD,1,0
1787754626397,33748.492,8714.3,1.2225,1,WAIT ZCD,1,0
1787754626427,33748.492,8714.3,1.2225,1,WAIT ZCD,1,0
1787754626457,33762.059,8714.3,1.2225,1,WAIT ZCD,1,0
1787754626487,33762.059,8714.3,1.2225,1,WAIT ZCD,1,0
1787754626517,33762.059,8714.3,1.2225,1,WAIT ZCD,1,0
1787754626546,33762.059,8714.3,1.2225,1,WAIT ZCD,1,0
1787754626576,33748.492,8714.3,1.2225,1,WAIT ZCD,1,0
1787754626606,33748.492,8714.3,1.2225,1,WAIT ZCD,1,0
1787754626637,33762.059,8714.3,1.2225,1,WAIT ZCD,1,0
1787754626667,33762.059,8714.3,1.2225,1,WAIT ZCD,1,0
1787754626696,33748.492,8714.3,1.2225,1,WAIT ZCD,1,0
1787754626727,33748.492,8714.3,1.2225,1,WAIT ZCD,1,0
1787754626757,33748.492,8714.3,1.2225,1,WAIT ZCD,1,0
1787754626787,33748.492,8714.3,1.2225,1,WAIT ZCD,1,0
1787754626817,33748.492,8714.3,1.2225,1,WAIT ZCD,1,0
1787754626846,33762.059,8714.3,1.2225,1,WAIT ZCD,1,0
1787754626877,33762.059,8714.3,1.2225,1,WAIT ZCD,1,0
1787754626906,33748.492,8714.3,1.2225,1,WAIT ZCD,1,0
1787754626937,33762.059,8714.3,1.2225,1,WAIT ZCD,1,0
1787754626967,33830.043,5535.7,1.2523,2,TRACK,0,0
1787754626996,33626.902,500.0,1.2257,2,TRACK,0,0
1787754627027,33626.902,166.7,1.2193,2,TRACK,0,0
1787754627057,33626.902,23.8,1.2193,3,LOCK,0,1
1787754627087,33613.445,11.9,1.2193,3,LOCK,0,1
1787754627116,33600.000,11.9,1.2193,3,LOCK,0,1
1787754627146,33613.445,-23.8,1.2201,3,LOCK,0,1
1787754627177,33613.445,-35.7,1.2217,2,TRACK,0,0
1787754627206,33613.445,-11.9,1.2209,3,LOCK,0,1
1787754627237,33613.445,-11.9,1.2217,3,LOCK,0,1
1787754627267,33613.445,-47.6,1.2225,2,TRACK,0,0
1787754627296,33613.445,-11.9,1.2209,3,LOCK,0,1
1787754627327,33613.445,0.0,1.2201,3,LOCK,0,1
1787754627357,33613.445,-11.9,1.2209,3,LOCK,0,1
1787754627387,33613.445,11.9,1.2217,3,LOCK,0,1
1787754627416,33789.219,5535.7,1.2354,1,WAIT ZCD,1,0
1787754627447,33802.816,5535.7,1.2354,1,WAIT ZCD,1,0
1787754627477,33802.816,5535.7,1.2354,1,WAIT ZCD,1,0
1787754627507,33789.219,5535.7,1.2354,1,WAIT ZCD,1,0
1787754627537,33802.816,5535.7,1.2354,1,WAIT ZCD,1,0
1787754627567,33789.219,5535.7,1.2354,1,WAIT ZCD,1,0
1787754627596,33802.816,5535.7,1.2354,1,WAIT ZCD,1,0
1787754627627,33802.816,5535.7,1.2354,1,WAIT ZCD,1,0
1787754627657,33789.219,5535.7,1.2354,1,WAIT ZCD,1,0
1787754627687,33802.816,5535.7,1.2354,1,WAIT ZCD,1,0
1787754627717,33789.219,5535.7,1.2354,1,WAIT ZCD,1,0
1787754627747,33802.816,5535.7,1.2354,1,WAIT ZCD,1,0
1787754627776,33802.816,5535.7,1.2354,1,WAIT ZCD,1,0
1787754627807,33789.219,5535.7,1.2354,1,WAIT ZCD,1,0
1787754627837,33802.816,5535.7,1.2354,1,WAIT ZCD,1,0
1787754627866,33789.219,5535.7,1.2354,1,WAIT ZCD,1,0
1787754627897,33802.816,5535.7,1.2354,1,WAIT ZCD,1,0
1787754627927,33789.219,5535.7,1.2354,1,WAIT ZCD,1,0
1787754627957,33802.816,5535.7,1.2354,1,WAIT ZCD,1,0
1787754627987,33789.219,5535.7,1.2354,1,WAIT ZCD,1,0
1787754628017,33789.219,5535.7,1.2354,1,WAIT ZCD,1,0
1787754628047,33789.219,5535.7,1.2354,1,WAIT ZCD,1,0
1787754628077,33802.816,5535.7,1.2354,1,WAIT ZCD,1,0
1787754628107,33789.219,5535.7,1.2354,1,WAIT ZCD,1,0
1787754628136,33802.816,5535.7,1.2354,1,WAIT ZCD,1,0
1787754628167,33789.219,5535.7,1.2354,1,WAIT ZCD,1,0
1787754628197,33802.816,5535.7,1.2354,1,WAIT ZCD,1,0
1787754628227,33802.816,5535.7,1.2354,1,WAIT ZCD,1,0
1787754628257,33802.816,5535.7,1.2354,1,WAIT ZCD,1,0
1787754628287,33802.816,5535.7,1.2354,1,WAIT ZCD,1,0
1787754628317,33802.816,5535.7,1.2354,1,WAIT ZCD,1,0
1787754628347,33789.219,5535.7,1.2354,1,WAIT ZCD,1,0
1787754628377,33802.816,5535.7,1.2354,1,WAIT ZCD,1,0
1787754628407,34941.766,9321.4,1.5215,2,TRACK,0,0
1787754628437,33694.344,2297.6,1.2459,2,TRACK,0,0
1787754628467,33626.902,273.8,1.2217,2,TRACK,0,0
1787754628497,33613.445,95.2,1.2177,2,TRACK,0,0
1787754628527,33613.445,-11.9,1.2185,3,LOCK,0,1
1787754628557,33600.000,-59.5,1.2201,2,TRACK,0,0
1787754628587,33600.000,-47.6,1.2185,2,TRACK,0,0
1787754628617,33600.000,11.9,1.2193,3,LOCK,0,1
1787754628647,33613.445,35.7,1.2185,2,TRACK,0,0
1787754628677,33600.000,-23.8,1.2193,3,LOCK,0,1
1787754628707,33613.445,59.5,1.2185,2,TRACK,0,0
1787754628737,33613.445,23.8,1.2201,3,LOCK,0,1
1787754628767,33600.000,11.9,1.2193,3,LOCK,0,1
1787754628797,33613.445,71.4,1.2217,2,TRACK,0,0
1787754628827,33613.445,35.7,1.2193,2,TRACK,0,0
1787754628857,33734.941,9321.4,1.2193,1,WAIT ZCD,1,0
1787754628887,33748.492,9321.4,1.2193,1,WAIT ZCD,1,0
1787754628917,33734.941,9321.4,1.2193,1,WAIT ZCD,1,0
1787754628947,33748.492,9321.4,1.2193,1,WAIT ZCD,1,0
1787754628977,33748.492,9321.4,1.2193,1,WAIT ZCD,1,0
1787754629007,33748.492,9321.4,1.2193,1,WAIT ZCD,1,0
1787754629037,33748.492,9321.4,1.2193,1,WAIT ZCD,1,0
1787754629067,33734.941,9321.4,1.2193,1,WAIT ZCD,1,0
1787754629097,33734.941,9321.4,1.2193,1,WAIT ZCD,1,0
1787754629127,33748.492,9321.4,1.2193,1,WAIT ZCD,1,0
1787754629157,33748.492,9321.4,1.2193,1,WAIT ZCD,1,0
1787754629187,33734.941,9321.4,1.2193,1,WAIT ZCD,1,0
1787754629217,33734.941,9321.4,1.2193,1,WAIT ZCD,1,0
1787754629247,33748.492,9321.4,1.2193,1,WAIT ZCD,1,0
1787754629277,33748.492,9321.4,1.2193,1,WAIT ZCD,1,0
1787754629307,33734.941,9321.4,1.2193,1,WAIT ZCD,1,0
1787754629338,33748.492,9321.4,1.2193,1,WAIT ZCD,1,0
1787754629367,33748.492,9321.4,1.2193,1,WAIT ZCD,1,0
1787754629397,33734.941,9321.4,1.2193,1,WAIT ZCD,1,0
1787754629427,33734.941,9321.4,1.2193,1,WAIT ZCD,1,0
1787754629457,33748.492,9321.4,1.2193,1,WAIT ZCD,1,0
1787754629487,33748.492,9321.4,1.2193,1,WAIT ZCD,1,0
1787754629517,33734.941,9321.4,1.2193,1,WAIT ZCD,1,0
1787754629547,33748.492,9321.4,1.2193,1,WAIT ZCD,1,0
1787754629577,33734.941,9321.4,1.2193,1,WAIT ZCD,1,0
1787754629607,33748.492,9321.4,1.2193,1,WAIT ZCD,1,0
1787754629637,33748.492,9321.4,1.2193,1,WAIT ZCD,1,0
1787754629667,33748.492,9321.4,1.2193,1,WAIT ZCD,1,0
1787754629697,33748.492,9321.4,1.2193,1,WAIT ZCD,1,0
1787754629727,33748.492,9321.4,1.2193,1,WAIT ZCD,1,0
1787754629757,33748.492,9321.4,1.2193,1,WAIT ZCD,1,0
1787754629787,33734.941,9321.4,1.2193,1,WAIT ZCD,1,0
1787754629817,33734.941,9321.4,1.2193,1,WAIT ZCD,1,0
1787754629847,33748.492,9321.4,1.2193,1,WAIT ZCD,1,0
1787754629877,34174.125,7892.9,1.3329,2,TRACK,0,0
1787754629907,33640.367,1000.0,1.2289,2,TRACK,0,0
1787754629937,33600.000,107.1,1.2177,2,TRACK,0,0
1787754629967,33600.000,-59.5,1.2168,2,TRACK,0,0
1787754629997,33613.445,-35.7,1.2185,2,TRACK,0,0
1787754630027,33600.000,-59.5,1.2168,2,TRACK,0,0
1787754630057,33600.000,11.9,1.2185,3,LOCK,0,1
1787754630087,33613.445,11.9,1.2193,3,LOCK,0,1
1787754630117,33613.445,-71.4,1.2209,2,TRACK,0,0
1787754630147,33600.000,-83.3,1.2209,2,TRACK,0,0
1787754630177,33613.445,35.7,1.2193,2,TRACK,0,0
1787754630207,33613.445,23.8,1.2193,3,LOCK,0,1
1787754630237,33613.445,59.5,1.2209,2,TRACK,0,0
1787754630267,33600.000,35.7,1.2193,2,TRACK,0,0
1787754630297,33613.445,-11.9,1.2185,3,LOCK,0,1
1787754630327,33734.941,7892.9,1.2193,1,WAIT ZCD,1,0
1787754630357,33748.492,7892.9,1.2193,1,WAIT ZCD,1,0
1787754630387,33734.941,7892.9,1.2193,1,WAIT ZCD,1,0
1787754630417,33748.492,7892.9,1.2193,1,WAIT ZCD,1,0
1787754630447,33748.492,7892.9,1.2193,1,WAIT ZCD,1,0
1787754630477,33748.492,7892.9,1.2193,1,WAIT ZCD,1,0
1787754630507,33734.941,7892.9,1.2193,1,WAIT ZCD,1,0
1787754630537,33748.492,7892.9,1.2193,1,WAIT ZCD,1,0
1787754630567,33748.492,7892.9,1.2193,1,WAIT ZCD,1,0
1787754630597,33748.492,7892.9,1.2193,1,WAIT ZCD,1,0
1787754630627,33748.492,7892.9,1.2193,1,WAIT ZCD,1,0
1787754630657,33748.492,7892.9,1.2193,1,WAIT ZCD,1,0
1787754630687,33734.941,7892.9,1.2193,1,WAIT ZCD,1,0
1787754630717,33734.941,7892.9,1.2193,1,WAIT ZCD,1,0
1787754630747,33748.492,7892.9,1.2193,1,WAIT ZCD,1,0
1787754630777,33734.941,7892.9,1.2193,1,WAIT ZCD,1,0
1787754630807,33748.492,7892.9,1.2193,1,WAIT ZCD,1,0
1787754630837,33734.941,7892.9,1.2193,1,WAIT ZCD,1,0
1787754630867,33734.941,7892.9,1.2193,1,WAIT ZCD,1,0
1787754630897,33748.492,7892.9,1.2193,1,WAIT ZCD,1,0
1787754630927,33734.941,7892.9,1.2193,1,WAIT ZCD,1,0
1787754630957,33748.492,7892.9,1.2193,1,WAIT ZCD,1,0
1787754630987,33734.941,7892.9,1.2193,1,WAIT ZCD,1,0
1787754631017,33748.492,7892.9,1.2193,1,WAIT ZCD,1,0
1787754631047,33734.941,7892.9,1.2193,1,WAIT ZCD,1,0
1787754631077,33734.941,7892.9,1.2193,1,WAIT ZCD,1,0
1787754631107,33748.492,7892.9,1.2193,1,WAIT ZCD,1,0
1787754631137,33748.492,7892.9,1.2193,1,WAIT ZCD,1,0
1787754631167,33748.492,7892.9,1.2193,1,WAIT ZCD,1,0
1787754631197,33748.492,7892.9,1.2193,1,WAIT ZCD,1,0
1787754631227,33734.941,7892.9,1.2193,1,WAIT ZCD,1,0
1787754631257,33748.492,7892.9,1.2193,1,WAIT ZCD,1,0
1787754631287,33734.941,7892.9,1.2193,1,WAIT ZCD,1,0
1787754631317,35234.898,9547.6,1.5900,2,TRACK,0,0
1787754631347,33748.492,4000.0,1.2330,2,TRACK,0,0
1787754631377,33613.445,392.9,1.2225,2,TRACK,0,0
1787754631407,33600.000,83.3,1.2185,2,TRACK,0,0
1787754631437,33613.445,-59.5,1.2168,2,TRACK,0,0
1787754631467,33613.445,11.9,1.2185,3,LOCK,0,1
1787754631497,33613.445,11.9,1.2177,3,LOCK,0,1
1787754631527,33613.445,83.3,1.2168,2,TRACK,0,0
1787754631557,33613.445,0.0,1.2185,3,LOCK,0,1
1787754631587,33613.445,23.8,1.2185,3,LOCK,0,1
1787754631617,33600.000,23.8,1.2177,3,LOCK,0,1
1787754631647,33600.000,-47.6,1.2193,2,TRACK,0,0
1787754631677,33613.445,-59.5,1.2177,2,TRACK,0,0
1787754631707,33600.000,-47.6,1.2185,2,TRACK,0,0
1787754631737,33613.445,71.4,1.2201,2,TRACK,0,0
1787754631767,33925.688,-3261.9,1.2378,2,TRACK,0,0
1787754631797,33816.426,9547.6,1.2378,1,WAIT ZCD,1,0
1787754631827,33802.816,9547.6,1.2378,1,WAIT ZCD,1,0
1787754631857,33816.426,9547.6,1.2378,1,WAIT ZCD,1,0
1787754631887,33802.816,9547.6,1.2378,1,WAIT ZCD,1,0
1787754631917,33802.816,9547.6,1.2378,1,WAIT ZCD,1,0
1787754631947,33802.816,9547.6,1.2378,1,WAIT ZCD,1,0
1787754631977,33802.816,9547.6,1.2378,1,WAIT ZCD,1,0
1787754632007,33802.816,9547.6,1.2378,1,WAIT ZCD,1,0
1787754632037,33802.816,9547.6,1.2378,1,WAIT ZCD,1,0
1787754632067,33802.816,9547.6,1.2378,1,WAIT ZCD,1,0
1787754632097,33802.816,9547.6,1.2378,1,WAIT ZCD,1,0
1787754632127,33802.816,9547.6,1.2378,1,WAIT ZCD,1,0
1787754632157,33802.816,9547.6,1.2378,1,WAIT ZCD,1,0
1787754632187,33816.426,9547.6,1.2378,1,WAIT ZCD,1,0
1787754632217,33802.816,9547.6,1.2378,1,WAIT ZCD,1,0
1787754632247,33802.816,9547.6,1.2378,1,WAIT ZCD,1,0
1787754632277,33802.816,9547.6,1.2378,1,WAIT ZCD,1,0
1787754632307,33816.426,9547.6,1.2378,1,WAIT ZCD,1,0
1787754632337,33802.816,9547.6,1.2378,1,WAIT ZCD,1,0
1787754632367,33816.426,9547.6,1.2378,1,WAIT ZCD,1,0
1787754632397,33816.426,9547.6,1.2378,1,WAIT ZCD,1,0
1787754632427,33802.816,9547.6,1.2378,1,WAIT ZCD,1,0
1787754632457,33816.426,9547.6,1.2378,1,WAIT ZCD,1,0
1787754632487,33802.816,9547.6,1.2378,1,WAIT ZCD,1,0
1787754632517,33816.426,9547.6,1.2378,1,WAIT ZCD,1,0
1787754632547,33802.816,9547.6,1.2378,1,WAIT ZCD,1,0
1787754632577,33816.426,9547.6,1.2378,1,WAIT ZCD,1,0
1787754632607,33802.816,9547.6,1.2378,1,WAIT ZCD,1,0
1787754632637,33802.816,9547.6,1.2378,1,WAIT ZCD,1,0
1787754632667,33816.426,9547.6,1.2378,1,WAIT ZCD,1,0
1787754632697,33802.816,9547.6,1.2378,1,WAIT ZCD,1,0
1787754632727,33816.426,9547.6,1.2378,1,WAIT ZCD,1,0
1787754632757,33816.426,9547.6,1.2378,1,WAIT ZCD,1,0
1787754632787,34327.750,8428.6,1.3579,2,TRACK,0,0
1787754632817,33640.367,1523.8,1.2201,2,TRACK,0,0
1787754632847,33613.445,214.3,1.2185,2,TRACK,0,0
1787754632877,33600.000,0.0,1.2168,3,LOCK,0,1
1787754632907,33600.000,59.5,1.2177,2,TRACK,0,0
1787754632937,33600.000,-35.7,1.2168,2,TRACK,0,0
1787754632967,33600.000,-47.6,1.2185,2,TRACK,0,0
1787754632997,33600.000,47.6,1.2168,2,TRACK,0,0
1787754633027,33600.000,-47.6,1.2160,2,TRACK,0,0
1787754633057,33600.000,83.3,1.2160,2,TRACK,0,0
1787754633087,33600.000,-23.8,1.2185,3,LOCK,0,1
1787754633117,33600.000,-23.8,1.2168,3,LOCK,0,1
1787754633147,33600.000,-35.7,1.2185,2,TRACK,0,0
1787754633177,33613.445,35.7,1.2193,2,TRACK,0,0
1787754633207,33600.000,47.6,1.2177,2,TRACK,0,0
1787754633237,33734.941,8428.6,1.2185,1,WAIT ZCD,1,0
1787754633267,33748.492,8428.6,1.2185,1,WAIT ZCD,1,0
1787754633297,33734.941,8428.6,1.2185,1,WAIT ZCD,1,0
1787754633327,33748.492,8428.6,1.2185,1,WAIT ZCD,1,0
1787754633357,33748.492,8428.6,1.2185,1,WAIT ZCD,1,0
1787754633387,33734.941,8428.6,1.2185,1,WAIT ZCD,1,0
1787754633417,33734.941,8428.6,1.2185,1,WAIT ZCD,1,0
1787754633447,33748.492,8428.6,1.2185,1,WAIT ZCD,1,0
1787754633477,33734.941,8428.6,1.2185,1,WAIT ZCD,1,0
1787754633507,33734.941,8428.6,1.2185,1,WAIT ZCD,1,0
1787754633537,33748.492,8428.6,1.2185,1,WAIT ZCD,1,0
1787754633567,33748.492,8428.6,1.2185,1,WAIT ZCD,1,0
1787754633597,33748.492,8428.6,1.2185,1,WAIT ZCD,1,0
1787754633627,33734.941,8428.6,1.2185,1,WAIT ZCD,1,0
1787754633657,33748.492,8428.6,1.2185,1,WAIT ZCD,1,0
1787754633687,33734.941,8428.6,1.2185,1,WAIT ZCD,1,0
1787754633717,33748.492,8428.6,1.2185,1,WAIT ZCD,1,0
1787754633747,33748.492,8428.6,1.2185,1,WAIT ZCD,1,0
1787754633777,33734.941,8428.6,1.2185,1,WAIT ZCD,1,0
1787754633807,33734.941,8428.6,1.2185,1,WAIT ZCD,1,0
1787754633837,33748.492,8428.6,1.2185,1,WAIT ZCD,1,0
1787754633867,33734.941,8428.6,1.2185,1,WAIT ZCD,1,0
1787754633897,33748.492,8428.6,1.2185,1,WAIT ZCD,1,0
1787754633927,33734.941,8428.6,1.2185,1,WAIT ZCD,1,0
1787754633957,33734.941,8428.6,1.2185,1,WAIT ZCD,1,0
1787754633987,33748.492,8428.6,1.2185,1,WAIT ZCD,1,0
1787754634017,33734.941,8428.6,1.2185,1,WAIT ZCD,1,0
1787754634047,33748.492,8428.6,1.2185,1,WAIT ZCD,1,0
1787754634078,33748.492,8428.6,1.2185,1,WAIT ZCD,1,0
1787754634107,33734.941,8428.6,1.2185,1,WAIT ZCD,1,0
1787754634137,33748.492,8428.6,1.2185,1,WAIT ZCD,1,0
1787754634167,33734.941,8428.6,1.2185,1,WAIT ZCD,1,0
1787754634197,33734.941,8428.6,1.2185,1,WAIT ZCD,1,0
1787754634227,33734.941,8428.6,1.2185,1,WAIT ZCD,1,0
1787754634257,33980.582,6892.9,1.2829,2,TRACK,0,0
1787754634287,33640.367,785.7,1.2257,2,TRACK,0,0
1787754634317,33613.445,190.5,1.2185,2,TRACK,0,0
1787754634347,33600.000,23.8,1.2160,3,LOCK,0,1
1787754634377,33600.000,-11.9,1.2160,3,LOCK,0,1
1787754634407,33600.000,-47.6,1.2152,2,TRACK,0,0
1787754634437,33600.000,59.5,1.2152,2,TRACK,0,0
1787754634467,33600.000,-47.6,1.2177,2,TRACK,0,0
1787754634497,33600.000,0.0,1.2168,3,LOCK,0,1
1787754634527,33600.000,47.6,1.2160,2,TRACK,0,0
1787754634557,33613.445,-11.9,1.2177,3,LOCK,0,1
1787754634587,33613.445,-11.9,1.2177,3,LOCK,0,1
1787754634617,33600.000,-47.6,1.2185,2,TRACK,0,0
1787754634647,33600.000,-47.6,1.2177,2,TRACK,0,0
1787754634677,33600.000,-23.8,1.2177,3,LOCK,0,1
1787754634707,33734.941,6892.9,1.2193,1,WAIT ZCD,1,0
1787754634737,33748.492,6892.9,1.2193,1,WAIT ZCD,1,0
1787754634767,33748.492,6892.9,1.2193,1,WAIT ZCD,1,0
1787754634797,33748.492,6892.9,1.2193,1,WAIT ZCD,1,0
1787754634827,33734.941,6892.9,1.2193,1,WAIT ZCD,1,0
1787754634857,33748.492,6892.9,1.2193,1,WAIT ZCD,1,0
1787754634887,33748.492,6892.9,1.2193,1,WAIT ZCD,1,0
1787754634917,33748.492,6892.9,1.2193,1,WAIT ZCD,1,0
1787754634947,33748.492,6892.9,1.2193,1,WAIT ZCD,1,0
1787754634977,33748.492,6892.9,1.2193,1,WAIT ZCD,1,0
1787754635007,33748.492,6892.9,1.2193,1,WAIT ZCD,1,0
1787754635037,33748.492,6892.9,1.2193,1,WAIT ZCD,1,0
1787754635067,33734.941,6892.9,1.2193,1,WAIT ZCD,1,0
1787754635097,33734.941,6892.9,1.2193,1,WAIT ZCD,1,0
1787754635127,33748.492,6892.9,1.2193,1,WAIT ZCD,1,0
1787754635157,33734.941,6892.9,1.2193,1,WAIT ZCD,1,0
1787754635187,33748.492,6892.9,1.2193,1,WAIT ZCD,1,0
1787754635217,33734.941,6892.9,1.2193,1,WAIT ZCD,1,0
1787754635247,33748.492,6892.9,1.2193,1,WAIT ZCD,1,0
1787754635277,33748.492,6892.9,1.2193,1,WAIT ZCD,1,0
1787754635307,33748.492,6892.9,1.2193,1,WAIT ZCD,1,0
1787754635337,33748.492,6892.9,1.2193,1,WAIT ZCD,1,0
1787754635367,33748.492,6892.9,1.2193,1,WAIT ZCD,1,0
1787754635397,33734.941,6892.9,1.2193,1,WAIT ZCD,1,0
1787754635427,33748.492,6892.9,1.2193,1,WAIT ZCD,1,0
1787754635457,33748.492,6892.9,1.2193,1,WAIT ZCD,1,0
1787754635487,33748.492,6892.9,1.2193,1,WAIT ZCD,1,0
1787754635517,33748.492,6892.9,1.2193,1,WAIT ZCD,1,0
1787754635547,33748.492,6892.9,1.2193,1,WAIT ZCD,1,0
1787754635577,33748.492,6892.9,1.2193,1,WAIT ZCD,1,0
1787754635607,33748.492,6892.9,1.2193,1,WAIT ZCD,1,0
1787754635637,33748.492,6892.9,1.2193,1,WAIT ZCD,1,0
1787754635667,33748.492,6892.9,1.2193,1,WAIT ZCD,1,0
1787754635697,34941.766,9309.5,1.5182,2,TRACK,0,0
1787754635727,33680.836,2904.8,1.2281,2,TRACK,0,0
1787754635757,33626.902,357.1,1.2209,2,TRACK,0,0
1787754635787,33600.000,-47.6,1.2185,2,TRACK,0,0
1787754635817,33600.000,-23.8,1.2160,3,LOCK,0,1
1787754635847,33600.000,-71.4,1.2144,2,TRACK,0,0
1787754635877,33600.000,-47.6,1.2168,2,TRACK,0,0
1787754635907,33600.000,-23.8,1.2160,3,LOCK,0,1
1787754635937,33600.000,-47.6,1.2177,2,TRACK,0,0
1787754635967,33600.000,47.6,1.2177,2,TRACK,0,0
1787754635997,33613.445,23.8,1.2168,3,LOCK,0,1
1787754636027,33600.000,35.7,1.2152,2,TRACK,0,0
1787754636057,33600.000,-23.8,1.2160,3,LOCK,0,1
1787754636087,33586.566,-23.8,1.2168,3,LOCK,0,1
1787754636117,33586.566,-23.8,1.2168,3,LOCK,0,1
1787754636147,33830.043,9309.5,1.2434,1,WAIT ZCD,1,0
1787754636177,33816.426,9309.5,1.2434,1,WAIT ZCD,1,0
1787754636207,33816.426,9309.5,1.2434,1,WAIT ZCD,1,0
1787754636237,33830.043,9309.5,1.2434,1,WAIT ZCD,1,0
1787754636267,33830.043,9309.5,1.2434,1,WAIT ZCD,1,0
1787754636297,33816.426,9309.5,1.2434,1,WAIT ZCD,1,0
1787754636327,33830.043,9309.5,1.2434,1,WAIT ZCD,1,0
1787754636357,33830.043,9309.5,1.2434,1,WAIT ZCD,1,0
1787754636387,33830.043,9309.5,1.2434,1,WAIT ZCD,1,0
1787754636417,33830.043,9309.5,1.2434,1,WAIT ZCD,1,0
1787754636447,33830.043,9309.5,1.2434,1,WAIT ZCD,1,0
1787754636477,33830.043,9309.5,1.2434,1,WAIT ZCD,1,0
1787754636507,33816.426,9309.5,1.2434,1,WAIT ZCD,1,0
1787754636537,33830.043,9309.5,1.2434,1,WAIT ZCD,1,0
1787754636567,33816.426,9309.5,1.2434,1,WAIT ZCD,1,0
1787754636597,33830.043,9309.5,1.2434,1,WAIT ZCD,1,0
1787754636627,33830.043,9309.5,1.2434,1,WAIT ZCD,1,0
1787754636657,33830.043,9309.5,1.2434,1,WAIT ZCD,1,0
1787754636687,33816.426,9309.5,1.2434,1,WAIT ZCD,1,0
1787754636717,33830.043,9309.5,1.2434,1,WAIT ZCD,1,0
1787754636747,33830.043,9309.5,1.2434,1,WAIT ZCD,1,0
1787754636777,33830.043,9309.5,1.2434,1,WAIT ZCD,1,0
1787754636807,33830.043,9309.5,1.2434,1,WAIT ZCD,1,0
1787754636837,33816.426,9309.5,1.2434,1,WAIT ZCD,1,0
1787754636867,33830.043,9309.5,1.2434,1,WAIT ZCD,1,0
1787754636897,33830.043,9309.5,1.2434,1,WAIT ZCD,1,0
1787754636928,33830.043,9309.5,1.2434,1,WAIT ZCD,1,0
1787754636957,33830.043,9309.5,1.2434,1,WAIT ZCD,1,0
1787754636987,33830.043,9309.5,1.2434,1,WAIT ZCD,1,0
1787754637017,33830.043,9309.5,1.2434,1,WAIT ZCD,1,0
1787754637047,33830.043,9309.5,1.2434,1,WAIT ZCD,1,0
1787754637077,33830.043,9309.5,1.2434,1,WAIT ZCD,1,0
1787754637107,33830.043,9309.5,1.2434,1,WAIT ZCD,1,0
1787754637137,33830.043,9309.5,1.2434,1,WAIT ZCD,1,0
1787754637167,34090.910,7631.0,1.2990,2,TRACK,0,0
1787754637197,33640.367,988.1,1.2273,2,TRACK,0,0
1787754637227,33600.000,178.6,1.2160,2,TRACK,0,0
1787754637257,33600.000,-23.8,1.2152,3,LOCK,0,1
1787754637287,33600.000,35.7,1.2136,2,TRACK,0,0
1787754637317,33600.000,-11.9,1.2144,3,LOCK,0,1
1787754637347,33586.566,0.0,1.2144,3,LOCK,0,1
1787754637377,33600.000,-11.9,1.2152,3,LOCK,0,1
1787754637407,33600.000,-59.5,1.2160,2,TRACK,0,0
1787754637437,33613.445,-11.9,1.2144,3,LOCK,0,1
1787754637467,33600.000,-47.6,1.2160,2,TRACK,0,0
1787754637497,33600.000,35.7,1.2144,2,TRACK,0,0
1787754637527,33600.000,71.4,1.2136,2,TRACK,0,0
1787754637557,33600.000,59.5,1.2168,2,TRACK,0,0
1787754637587,33586.566,0.0,1.2144,3,LOCK,0,1
1787754637617,33721.398,7631.0,1.2144,1,WAIT ZCD,1,0
1787754637647,33734.941,7631.0,1.2144,1,WAIT ZCD,1,0
1787754637677,33734.941,7631.0,1.2144,1,WAIT ZCD,1,0
1787754637707,33721.398,7631.0,1.2144,1,WAIT ZCD,1,0
1787754637738,33721.398,7631.0,1.2144,1,WAIT ZCD,1,0
1787754637767,33721.398,7631.0,1.2144,1,WAIT ZCD,1,0
1787754637797,33721.398,7631.0,1.2144,1,WAIT ZCD,1,0
1787754637827,33721.398,7631.0,1.2144,1,WAIT ZCD,1,0
1787754637857,33721.398,7631.0,1.2144,1,WAIT ZCD,1,0
1787754637887,33721.398,7631.0,1.2144,1,WAIT ZCD,1,0
1787754637917,33721.398,7631.0,1.2144,1,WAIT ZCD,1,0
1787754637947,33734.941,7631.0,1.2144,1,WAIT ZCD,1,0
1787754637977,33721.398,7631.0,1.2144,1,WAIT ZCD,1,0
1787754638007,33721.398,7631.0,1.2144,1,WAIT ZCD,1,0
1787754638037,33734.941,7631.0,1.2144,1,WAIT ZCD,1,0
1787754638067,33721.398,7631.0,1.2144,1,WAIT ZCD,1,0
1787754638097,33721.398,7631.0,1.2144,1,WAIT ZCD,1,0
1787754638127,33734.941,7631.0,1.2144,1,WAIT ZCD,1,0
1787754638157,33721.398,7631.0,1.2144,1,WAIT ZCD,1,0
1787754638187,33721.398,7631.0,1.2144,1,WAIT ZCD,1,0
1787754638217,33734.941,7631.0,1.2144,1,WAIT ZCD,1,0
1787754638247,33734.941,7631.0,1.2144,1,WAIT ZCD,1,0
1787754638277,33721.398,7631.0,1.2144,1,WAIT ZCD,1,0
1787754638307,33734.941,7631.0,1.2144,1,WAIT ZCD,1,0
1787754638338,33734.941,7631.0,1.2144,1,WAIT ZCD,1,0
1787754638368,33721.398,7631.0,1.2144,1,WAIT ZCD,1,0
1787754638397,33734.941,7631.0,1.2144,1,WAIT ZCD,1,0
1787754638427,33721.398,7631.0,1.2144,1,WAIT ZCD,1,0
1787754638457,33721.398,7631.0,1.2144,1,WAIT ZCD,1,0
1787754638487,33734.941,7631.0,1.2144,1,WAIT ZCD,1,0
1787754638517,33734.941,7631.0,1.2144,1,WAIT ZCD,1,0
1787754638547,33734.941,7631.0,1.2144,1,WAIT ZCD,1,0
1787754638577,33734.941,7631.0,1.2144,1,WAIT ZCD,1,0
1787754638607,35249.684,9500.0,1.5900,2,TRACK,0,0
1787754638637,33734.941,3988.1,1.2370,2,TRACK,0,0
1787754638667,33600.000,357.1,1.2177,2,TRACK,0,0
1787754638697,33600.000,71.4,1.2144,2,TRACK,0,0
1787754638727,33600.000,-47.6,1.2144,2,TRACK,0,0
1787754638757,33600.000,95.2,1.2112,2,TRACK,0,0
1787754638787,33600.000,0.0,1.2136,3,LOCK,0,1
1787754638817,33600.000,-47.6,1.2128,2,TRACK,0,0
1787754638847,33600.000,-23.8,1.2144,3,LOCK,0,1
1787754638877,33600.000,35.7,1.2152,2,TRACK,0,0
1787754638908,33600.000,-23.8,1.2144,3,LOCK,0,1
1787754638937,33586.566,47.6,1.2160,2,TRACK,0,0
1787754638967,33586.566,-23.8,1.2152,3,LOCK,0,1
1787754638997,33586.566,-23.8,1.2144,3,LOCK,0,1
1787754639027,33600.000,71.4,1.2160,2,TRACK,0,0
1787754639057,33600.000,-10214.3,1.1862,2,TRACK,0,0
1787754639087,33734.941,9500.0,1.2160,1,WAIT ZCD,1,0
1787754639117,33734.941,9500.0,1.2160,1,WAIT ZCD,1,0
1787754639147,33721.398,9500.0,1.2160,1,WAIT ZCD,1,0
1787754639177,33734.941,9500.0,1.2160,1,WAIT ZCD,1,0
1787754639207,33734.941,9500.0,1.2160,1,WAIT ZCD,1,0
1787754639237,33734.941,9500.0,1.2160,1,WAIT ZCD,1,0
1787754639267,33734.941,9500.0,1.2160,1,WAIT ZCD,1,0
1787754639297,33734.941,9500.0,1.2160,1,WAIT ZCD,1,0
1787754639327,33734.941,9500.0,1.2160,1,WAIT ZCD,1,0
1787754639357,33734.941,9500.0,1.2160,1,WAIT ZCD,1,0
1787754639387,33734.941,9500.0,1.2160,1,WAIT ZCD,1,0
1787754639417,33748.492,9500.0,1.2160,1,WAIT ZCD,1,0
1787754639447,33734.941,9500.0,1.2160,1,WAIT ZCD,1,0
1787754639477,33734.941,9500.0,1.2160,1,WAIT ZCD,1,0
1787754639507,33734.941,9500.0,1.2160,1,WAIT ZCD,1,0
1787754639537,33734.941,9500.0,1.2160,1,WAIT ZCD,1,0
1787754639567,33734.941,9500.0,1.2160,1,WAIT ZCD,1,0
1787754639597,33721.398,9500.0,1.2160,1,WAIT ZCD,1,0
1787754639628,33734.941,9500.0,1.2160,1,WAIT ZCD,1,0
1787754639657,33721.398,9500.0,1.2160,1,WAIT ZCD,1,0
1787754639687,33721.398,9500.0,1.2160,1,WAIT ZCD,1,0
1787754639717,33721.398,9500.0,1.2160,1,WAIT ZCD,1,0
1787754639747,33734.941,9500.0,1.2160,1,WAIT ZCD,1,0
1787754639777,33721.398,9500.0,1.2160,1,WAIT ZCD,1,0
1787754639807,33721.398,9500.0,1.2160,1,WAIT ZCD,1,0
1787754639837,33734.941,9500.0,1.2160,1,WAIT ZCD,1,0
1787754639867,33734.941,9500.0,1.2160,1,WAIT ZCD,1,0
1787754639897,33721.398,9500.0,1.2160,1,WAIT ZCD,1,0
1787754639927,33734.941,9500.0,1.2160,1,WAIT ZCD,1,0
1787754639957,33734.941,9500.0,1.2160,1,WAIT ZCD,1,0
1787754639987,33734.941,9500.0,1.2160,1,WAIT ZCD,1,0
1787754640017,33734.941,9500.0,1.2160,1,WAIT ZCD,1,0
1787754640047,33734.941,9500.0,1.2160,1,WAIT ZCD,1,0
1787754640078,34525.277,8845.2,1.4038,2,TRACK,0,0
1787754640107,33626.902,1702.4,1.2217,2,TRACK,0,0
1787754640137,33600.000,214.3,1.2160,2,TRACK,0,0
1787754640168,33600.000,59.5,1.2128,2,TRACK,0,0
1787754640197,33600.000,23.8,1.2128,3,LOCK,0,1
1787754640227,33600.000,47.6,1.2144,2,TRACK,0,0
1787754640257,33600.000,-23.8,1.2136,3,LOCK,0,1
1787754640287,33586.566,-35.7,1.2136,2,TRACK,0,0
1787754640317,33600.000,-35.7,1.2120,2,TRACK,0,0
1787754640347,33586.566,-47.6,1.2128,2,TRACK,0,0
1787754640377,33586.566,-11.9,1.2136,3,LOCK,0,1
1787754640407,33586.566,-11.9,1.2128,3,LOCK,0,1
1787754640437,33600.000,0.0,1.2128,3,LOCK,0,1
1787754640468,33600.000,35.7,1.2144,2,TRACK,0,0
1787754640497,33586.566,23.8,1.2128,3,LOCK,0,1
1787754640527,33762.059,8845.2,1.2265,1,WAIT ZCD,1,0
1787754640557,33762.059,8845.2,1.2265,1,WAIT ZCD,1,0
1787754640587,33775.633,8845.2,1.2265,1,WAIT ZCD,1,0
1787754640617,33775.633,8845.2,1.2265,1,WAIT ZCD,1,0
1787754640647,33775.633,8845.2,1.2265,1,WAIT ZCD,1,0
1787754640677,33762.059,8845.2,1.2265,1,WAIT ZCD,1,0
1787754640707,33775.633,8845.2,1.2265,1,WAIT ZCD,1,0
1787754640737,33762.059,8845.2,1.2265,1,WAIT ZCD,1,0
1787754640767,33762.059,8845.2,1.2265,1,WAIT ZCD,1,0
1787754640797,33762.059,8845.2,1.2265,1,WAIT ZCD,1,0
1787754640827,33775.633,8845.2,1.2265,1,WAIT ZCD,1,0
1787754640857,33775.633,8845.2,1.2265,1,WAIT ZCD,1,0
1787754640887,33762.059,8845.2,1.2265,1,WAIT ZCD,1,0
1787754640918,33762.059,8845.2,1.2265,1,WAIT ZCD,1,0
1787754640947,33775.633,8845.2,1.2265,1,WAIT ZCD,1,0
1787754640977,33762.059,8845.2,1.2265,1,WAIT ZCD,1,0
1787754641007,33762.059,8845.2,1.2265,1,WAIT ZCD,1,0
1787754641037,33762.059,8845.2,1.2265,1,WAIT ZCD,1,0
1787754641067,33762.059,8845.2,1.2265,1,WAIT ZCD,1,0
1787754641097,33762.059,8845.2,1.2265,1,WAIT ZCD,1,0
1787754641127,33762.059,8845.2,1.2265,1,WAIT ZCD,1,0
1787754641158,33762.059,8845.2,1.2265,1,WAIT ZCD,1,0
1787754641188,33775.633,8845.2,1.2265,1,WAIT ZCD,1,0
1787754641218,33775.633,8845.2,1.2265,1,WAIT ZCD,1,0
1787754641247,33775.633,8845.2,1.2265,1,WAIT ZCD,1,0
1787754641277,33762.059,8845.2,1.2265,1,WAIT ZCD,1,0
1787754641308,33762.059,8845.2,1.2265,1,WAIT ZCD,1,0
1787754641338,33762.059,8845.2,1.2265,1,WAIT ZCD,1,0
1787754641367,33762.059,8845.2,1.2265,1,WAIT ZCD,1,0
1787754641397,33762.059,8845.2,1.2265,1,WAIT ZCD,1,0
1787754641427,33762.059,8845.2,1.2265,1,WAIT ZCD,1,0
1787754641457,33775.633,8845.2,1.2265,1,WAIT ZCD,1,0
1787754641488,33762.059,8845.2,1.2265,1,WAIT ZCD,1,0
1787754641517,33762.059,8845.2,1.2265,1,WAIT ZCD,1,0
1787754641548,33953.113,6595.2,1.2749,2,TRACK,0,0
1787754641577,33613.445,666.7,1.2225,2,TRACK,0,0
1787754641608,33600.000,107.1,1.2144,2,TRACK,0,0
1787754641637,33586.566,11.9,1.2128,3,LOCK,0,1
1787754641668,33586.566,11.9,1.2120,3,LOCK,0,1
1787754641697,33600.000,-59.5,1.2120,2,TRACK,0,0
1787754641727,33586.566,-71.4,1.2120,2,TRACK,0,0
1787754641757,33600.000,-59.5,1.2144,2,TRACK,0,0
1787754641788,33586.566,-23.8,1.2128,3,LOCK,0,1
1787754641817,33586.566,59.5,1.2144,2,TRACK,0,0
1787754641847,33573.141,-107.1,1.2160,2,TRACK,0,0
1787754641877,33586.566,0.0,1.2136,3,LOCK,0,1
1787754641907,33586.566,-23.8,1.2128,3,LOCK,0,1
1787754641938,33573.141,-47.6,1.2128,2,TRACK,0,0
1787754641968,33586.566,-11.9,1.2128,3,LOCK,0,1
1787754641997,33721.398,6595.2,1.2144,1,WAIT ZCD,1,0
1787754642027,33734.941,6595.2,1.2144,1,WAIT ZCD,1,0
1787754642058,33721.398,6595.2,1.2144,1,WAIT ZCD,1,0
1787754642087,33721.398,6595.2,1.2144,1,WAIT ZCD,1,0
1787754642117,33721.398,6595.2,1.2144,1,WAIT ZCD,1,0
1787754642147,33721.398,6595.2,1.2144,1,WAIT ZCD,1,0
1787754642177,33721.398,6595.2,1.2144,1,WAIT ZCD,1,0
1787754642207,33721.398,6595.2,1.2144,1,WAIT ZCD,1,0
1787754642237,33721.398,6595.2,1.2144,1,WAIT ZCD,1,0
1787754642268,33721.398,6595.2,1.2144,1,WAIT ZCD,1,0
1787754642297,33721.398,6595.2,1.2144,1,WAIT ZCD,1,0
1787754642328,33721.398,6595.2,1.2144,1,WAIT ZCD,1,0
1787754642358,33721.398,6595.2,1.2144,1,WAIT ZCD,1,0
1787754642388,33721.398,6595.2,1.2144,1,WAIT ZCD,1,0
1787754642417,33734.941,6595.2,1.2144,1,WAIT ZCD,1,0
1787754642447,33734.941,6595.2,1.2144,1,WAIT ZCD,1,0
1787754642478,33721.398,6595.2,1.2144,1,WAIT ZCD,1,0
1787754642508,33707.863,6595.2,1.2144,1,WAIT ZCD,1,0
1787754642538,33721.398,6595.2,1.2144,1,WAIT ZCD,1,0
1787754642568,33721.398,6595.2,1.2144,1,WAIT ZCD,1,0
1787754642598,33721.398,6595.2,1.2144,1,WAIT ZCD,1,0
1787754642627,33721.398,6595.2,1.2144,1,WAIT ZCD,1,0
1787754642658,33721.398,6595.2,1.2144,1,WAIT ZCD,1,0
1787754642688,33734.941,6595.2,1.2144,1,WAIT ZCD,1,0
1787754642718,33734.941,6595.2,1.2144,1,WAIT ZCD,1,0
1787754642747,33721.398,6595.2,1.2144,1,WAIT ZCD,1,0
1787754642778,33721.398,6595.2,1.2144,1,WAIT ZCD,1,0
1787754642808,33721.398,6595.2,1.2144,1,WAIT ZCD,1,0
1787754642838,33721.398,6595.2,1.2144,1,WAIT ZCD,1,0
1787754642867,33721.398,6595.2,1.2144,1,WAIT ZCD,1,0
1787754642898,33721.398,6595.2,1.2144,1,WAIT ZCD,1,0
1787754642928,33721.398,6595.2,1.2144,1,WAIT ZCD,1,0
1787754642957,33721.398,6595.2,1.2144,1,WAIT ZCD,1,0
1787754642987,34927.234,9285.7,1.5199,2,TRACK,0,0
1787754643018,33707.863,2892.9,1.2338,2,TRACK,0,0
1787754643048,33613.445,285.7,1.2160,2,TRACK,0,0
1787754643077,33586.566,95.2,1.2136,2,TRACK,0,0
1787754643108,33600.000,35.7,1.2136,2,TRACK,0,0
1787754643138,33586.566,0.0,1.2128,3,LOCK,0,1
1787754643168,33586.566,-59.5,1.2144,2,TRACK,0,0
1787754643197,33600.000,-47.6,1.2144,2,TRACK,0,0
1787754643228,33586.566,35.7,1.2136,2,TRACK,0,0
1787754643258,33586.566,-35.7,1.2120,2,TRACK,0,0
1787754643288,33573.141,-11.9,1.2120,3,LOCK,0,1
1787754643318,33586.566,35.7,1.2128,2,TRACK,0,0
1787754643348,33600.000,47.6,1.2128,2,TRACK,0,0
1787754643378,33586.566,-23.8,1.2128,3,LOCK,0,1
1787754643408,33586.566,35.7,1.2128,2,TRACK,0,0
1787754643438,33748.492,9285.7,1.2233,1,WAIT ZCD,1,0
1787754643468,33748.492,9285.7,1.2233,1,WAIT ZCD,1,0
1787754643498,33748.492,9285.7,1.2233,1,WAIT ZCD,1,0
1787754643528,33734.941,9285.7,1.2233,1,WAIT ZCD,1,0
1787754643558,33748.492,9285.7,1.2233,1,WAIT ZCD,1,0
1787754643588,33748.492,9285.7,1.2233,1,WAIT ZCD,1,0
1787754643618,33748.492,9285.7,1.2233,1,WAIT ZCD,1,0
1787754643648,33762.059,9285.7,1.2233,1,WAIT ZCD,1,0
1787754643678,33748.492,9285.7,1.2233,1,WAIT ZCD,1,0
1787754643708,33762.059,9285.7,1.2233,1,WAIT ZCD,1,0
1787754643738,33748.492,9285.7,1.2233,1,WAIT ZCD,1,0
1787754643768,33762.059,9285.7,1.2233,1,WAIT ZCD,1,0
1787754643798,33748.492,9285.7,1.2233,1,WAIT ZCD,1,0
1787754643828,33748.492,9285.7,1.2233,1,WAIT ZCD,1,0
1787754643858,33748.492,9285.7,1.2233,1,WAIT ZCD,1,0
1787754643888,33762.059,9285.7,1.2233,1,WAIT ZCD,1,0
1787754643918,33748.492,9285.7,1.2233,1,WAIT ZCD,1,0
1787754643948,33748.492,9285.7,1.2233,1,WAIT ZCD,1,0
1787754643978,33748.492,9285.7,1.2233,1,WAIT ZCD,1,0
1787754644008,33748.492,9285.7,1.2233,1,WAIT ZCD,1,0
1787754644038,33748.492,9285.7,1.2233,1,WAIT ZCD,1,0
1787754644068,33748.492,9285.7,1.2233,1,WAIT ZCD,1,0
1787754644098,33762.059,9285.7,1.2233,1,WAIT ZCD,1,0
1787754644128,33748.492,9285.7,1.2233,1,WAIT ZCD,1,0
1787754644158,33748.492,9285.7,1.2233,1,WAIT ZCD,1,0
1787754644188,33748.492,9285.7,1.2233,1,WAIT ZCD,1,0
1787754644218,33748.492,9285.7,1.2233,1,WAIT ZCD,1,0
1787754644248,33748.492,9285.7,1.2233,1,WAIT ZCD,1,0
1787754644278,33762.059,9285.7,1.2233,1,WAIT ZCD,1,0
1787754644308,33748.492,9285.7,1.2233,1,WAIT ZCD,1,0
1787754644338,33748.492,9285.7,1.2233,1,WAIT ZCD,1,0
1787754644368,33748.492,9285.7,1.2233,1,WAIT ZCD,1,0
1787754644398,33748.492,9285.7,1.2233,1,WAIT ZCD,1,0
1787754644428,33762.059,9285.7,1.2233,1,WAIT ZCD,1,0
1787754644458,34077.078,7607.1,1.3119,2,TRACK,0,0
1787754644488,33626.902,1011.9,1.2257,2,TRACK,0,0
1787754644518,33600.000,214.3,1.2136,2,TRACK,0,0
1787754644548,33586.566,83.3,1.2136,2,TRACK,0,0
1787754644578,33586.566,47.6,1.2112,2,TRACK,0,0
1787754644608,33586.566,-59.5,1.2104,2,TRACK,0,0
1787754644638,33600.000,11.9,1.2112,3,LOCK,0,1
1787754644668,33586.566,-11.9,1.2120,3,LOCK,0,1
1787754644698,33586.566,-11.9,1.2120,3,LOCK,0,1
1787754644728,33586.566,-47.6,1.2112,2,TRACK,0,0
1787754644758,33586.566,-11.9,1.2120,3,LOCK,0,1
1787754644788,33586.566,-11.9,1.2112,3,LOCK,0,1
1787754644818,33600.000,-47.6,1.2112,2,TRACK,0,0
1787754644848,33586.566,35.7,1.2128,2,TRACK,0,0
1787754644878,33600.000,35.7,1.2120,2,TRACK,0,0
1787754644908,33748.492,7607.1,1.2241,1,WAIT ZCD,1,0
1787754644938,33748.492,7607.1,1.2241,1,WAIT ZCD,1,0
1787754644968,33762.059,7607.1,1.2241,1,WAIT ZCD,1,0
1787754644998,33762.059,7607.1,1.2241,1,WAIT ZCD,1,0
1787754645028,33762.059,7607.1,1.2241,1,WAIT ZCD,1,0
1787754645058,33748.492,7607.1,1.2241,1,WAIT ZCD,1,0
1787754645088,33748.492,7607.1,1.2241,1,WAIT ZCD,1,0
1787754645118,33748.492,7607.1,1.2241,1,WAIT ZCD,1,0
1787754645148,33762.059,7607.1,1.2241,1,WAIT ZCD,1,0
1787754645178,33748.492,7607.1,1.2241,1,WAIT ZCD,1,0
1787754645208,33748.492,7607.1,1.2241,1,WAIT ZCD,1,0
1787754645238,33748.492,7607.1,1.2241,1,WAIT ZCD,1,0
1787754645268,33762.059,7607.1,1.2241,1,WAIT ZCD,1,0
1787754645298,33748.492,7607.1,1.2241,1,WAIT ZCD,1,0
1787754645328,33748.492,7607.1,1.2241,1,WAIT ZCD,1,0
1787754645358,33748.492,7607.1,1.2241,1,WAIT ZCD,1,0
1787754645388,33762.059,7607.1,1.2241,1,WAIT ZCD,1,0
1787754645418,33748.492,7607.1,1.2241,1,WAIT ZCD,1,0
1787754645448,33762.059,7607.1,1.2241,1,WAIT ZCD,1,0
1787754645478,33748.492,7607.1,1.2241,1,WAIT ZCD,1,0
1787754645508,33748.492,7607.1,1.2241,1,WAIT ZCD,1,0
1787754645538,33762.059,7607.1,1.2241,1,WAIT ZCD,1,0
1787754645568,33748.492,7607.1,1.2241,1,WAIT ZCD,1,0
1787754645598,33748.492,7607.1,1.2241,1,WAIT ZCD,1,0
1787754645628,33748.492,7607.1,1.2241,1,WAIT ZCD,1,0
1787754645658,33748.492,7607.1,1.2241,1,WAIT ZCD,1,0
1787754645688,33762.059,7607.1,1.2241,1,WAIT ZCD,1,0
1787754645718,33762.059,7607.1,1.2241,1,WAIT ZCD,1,0
1787754645748,33748.492,7607.1,1.2241,1,WAIT ZCD,1,0
1787754645778,33748.492,7607.1,1.2241,1,WAIT ZCD,1,0
1787754645808,33748.492,7607.1,1.2241,1,WAIT ZCD,1,0
1787754645838,33748.492,7607.1,1.2241,1,WAIT ZCD,1,0
1787754645868,33748.492,7607.1,1.2241,1,WAIT ZCD,1,0
1787754645898,35058.430,9392.9,1.5327,2,TRACK,0,0
1787754645928,33721.398,3309.5,1.2322,2,TRACK,0,0
1787754645958,33600.000,452.4,1.2168,2,TRACK,0,0
1787754645988,33600.000,131.0,1.2128,2,TRACK,0,0
1787754646018,33586.566,11.9,1.2112,3,LOCK,0,1
1787754646048,33573.141,11.9,1.2104,3,LOCK,0,1
1787754646078,33573.141,-107.1,1.2136,2,TRACK,0,0
1787754646108,33586.566,-11.9,1.2112,3,LOCK,0,1
1787754646138,33586.566,47.6,1.2128,2,TRACK,0,0
1787754646168,33586.566,-11.9,1.2112,3,LOCK,0,1
1787754646198,33573.141,-11.9,1.2112,3,LOCK,0,1
1787754646228,33586.566,-11.9,1.2120,3,LOCK,0,1
1787754646258,33586.566,23.8,1.2112,3,LOCK,0,1
1787754646291,33586.566,-95.2,1.2096,2,TRACK,0,0
1787754646318,33586.566,47.6,1.2128,2,TRACK,0,0
1787754646348,33613.445,-10381.0,1.1822,2,TRACK,0,0
1787754646378,33694.344,9392.9,1.2120,1,WAIT ZCD,1,0
1787754646408,33707.863,9392.9,1.2120,1,WAIT ZCD,1,0
1787754646438,33707.863,9392.9,1.2120,1,WAIT ZCD,1,0
1787754646468,33721.398,9392.9,1.2120,1,WAIT ZCD,1,0
1787754646498,33707.863,9392.9,1.2120,1,WAIT ZCD,1,0
1787754646528,33721.398,9392.9,1.2120,1,WAIT ZCD,1,0
1787754646558,33707.863,9392.9,1.2120,1,WAIT ZCD,1,0
1787754646588,33707.863,9392.9,1.2120,1,WAIT ZCD,1,0
1787754646618,33721.398,9392.9,1.2120,1,WAIT ZCD,1,0
1787754646648,33707.863,9392.9,1.2120,1,WAIT ZCD,1,0
1787754646678,33707.863,9392.9,1.2120,1,WAIT ZCD,1,0
1787754646708,33707.863,9392.9,1.2120,1,WAIT ZCD,1,0
1787754646739,33707.863,9392.9,1.2120,1,WAIT ZCD,1,0
1787754646768,33721.398,9392.9,1.2120,1,WAIT ZCD,1,0
1787754646798,33721.398,9392.9,1.2120,1,WAIT ZCD,1,0
1787754646828,33721.398,9392.9,1.2120,1,WAIT ZCD,1,0
1787754646858,33707.863,9392.9,1.2120,1,WAIT ZCD,1,0
1787754646888,33707.863,9392.9,1.2120,1,WAIT ZCD,1,0
1787754646918,33707.863,9392.9,1.2120,1,WAIT ZCD,1,0
1787754646948,33707.863,9392.9,1.2120,1,WAIT ZCD,1,0
1787754646978,33707.863,9392.9,1.2120,1,WAIT ZCD,1,0
1787754647008,33721.398,9392.9,1.2120,1,WAIT ZCD,1,0
1787754647038,33707.863,9392.9,1.2120,1,WAIT ZCD,1,0
1787754647068,33707.863,9392.9,1.2120,1,WAIT ZCD,1,0
1787754647098,33707.863,9392.9,1.2120,1,WAIT ZCD,1,0
1787754647128,33721.398,9392.9,1.2120,1,WAIT ZCD,1,0
1787754647158,33721.398,9392.9,1.2120,1,WAIT ZCD,1,0
1787754647188,33707.863,9392.9,1.2120,1,WAIT ZCD,1,0
1787754647218,33707.863,9392.9,1.2120,1,WAIT ZCD,1,0
1787754647248,33707.863,9392.9,1.2120,1,WAIT ZCD,1,0
1787754647278,33707.863,9392.9,1.2120,1,WAIT ZCD,1,0
1787754647308,33707.863,9392.9,1.2120,1,WAIT ZCD,1,0
1787754647338,33707.863,9392.9,1.2120,1,WAIT ZCD,1,0
1787754647368,34553.680,8857.1,1.4377,2,TRACK,0,0
1787754647398,33653.848,2071.4,1.2257,2,TRACK,0,0
1787754647428,33600.000,273.8,1.2144,2,TRACK,0,0
1787754647458,33586.566,59.5,1.2112,2,TRACK,0,0
1787754647488,33573.141,-59.5,1.2120,2,TRACK,0,0
1787754647518,33586.566,71.4,1.2088,2,TRACK,0,0
1787754647548,33586.566,23.8,1.2112,3,LOCK,0,1
1787754647578,33586.566,-11.9,1.2104,3,LOCK,0,1
1787754647608,33586.566,0.0,1.2104,3,LOCK,0,1
1787754647638,33586.566,11.9,1.2104,3,LOCK,0,1
1787754647668,33586.566,35.7,1.2104,2,TRACK,0,0
1787754647698,33573.141,-47.6,1.2088,2,TRACK,0,0
1787754647728,33586.566,11.9,1.2112,3,LOCK,0,1
1787754647758,33586.566,47.6,1.2120,2,TRACK,0,0
1787754647788,33600.000,83.3,1.2096,2,TRACK,0,0
1787754647818,33911.992,8857.1,1.2725,1,WAIT ZCD,1,0
1787754647848,33925.688,8857.1,1.2725,1,WAIT ZCD,1,0
1787754647878,33911.992,8857.1,1.2725,1,WAIT ZCD,1,0
1787754647908,33911.992,8857.1,1.2725,1,WAIT ZCD,1,0
1787754647938,33911.992,8857.1,1.2725,1,WAIT ZCD,1,0
1787754647968,33925.688,8857.1,1.2725,1,WAIT ZCD,1,0
1787754647998,33925.688,8857.1,1.2725,1,WAIT ZCD,1,0
1787754648028,33911.992,8857.1,1.2725,1,WAIT ZCD,1,0
1787754648058,33911.992,8857.1,1.2725,1,WAIT ZCD,1,0
1787754648088,33925.688,8857.1,1.2725,1,WAIT ZCD,1,0
1787754648118,33925.688,8857.1,1.2725,1,WAIT ZCD,1,0
1787754648148,33911.992,8857.1,1.2725,1,WAIT ZCD,1,0
1787754648178,33925.688,8857.1,1.2725,1,WAIT ZCD,1,0
1787754648208,33911.992,8857.1,1.2725,1,WAIT ZCD,1,0
1787754648238,33911.992,8857.1,1.2725,1,WAIT ZCD,1,0
1787754648268,33911.992,8857.1,1.2725,1,WAIT ZCD,1,0
1787754648298,33911.992,8857.1,1.2725,1,WAIT ZCD,1,0
1787754648328,33925.688,8857.1,1.2725,1,WAIT ZCD,1,0
1787754648358,33911.992,8857.1,1.2725,1,WAIT ZCD,1,0
1787754648388,33911.992,8857.1,1.2725,1,WAIT ZCD,1,0
1787754648418,33911.992,8857.1,1.2725,1,WAIT ZCD,1,0
1787754648448,33911.992,8857.1,1.2725,1,WAIT ZCD,1,0
1787754648478,33925.688,8857.1,1.2725,1,WAIT ZCD,1,0
1787754648508,33911.992,8857.1,1.2725,1,WAIT ZCD,1,0
1787754648538,33911.992,8857.1,1.2725,1,WAIT ZCD,1,0
1787754648568,33911.992,8857.1,1.2725,1,WAIT ZCD,1,0
1787754648598,33911.992,8857.1,1.2725,1,WAIT ZCD,1,0
1787754648628,33911.992,8857.1,1.2725,1,WAIT ZCD,1,0
1787754648658,33911.992,8857.1,1.2725,1,WAIT ZCD,1,0
1787754648688,33911.992,8857.1,1.2725,1,WAIT ZCD,1,0
1787754648718,33898.305,8857.1,1.2725,1,WAIT ZCD,1,0
1787754648748,33925.688,8857.1,1.2725,1,WAIT ZCD,1,0
1787754648778,33911.992,8857.1,1.2725,1,WAIT ZCD,1,0
1787754648808,33911.992,8857.1,1.2725,1,WAIT ZCD,1,0
1787754648838,33911.992,6452.4,1.2547,2,TRACK,0,0
1787754648868,33613.445,773.8,1.2217,2,TRACK,0,0
1787754648898,33600.000,202.4,1.2104,2,TRACK,0,0
1787754648928,33573.141,-59.5,1.2080,2,TRACK,0,0
1787754648958,33586.566,-11.9,1.2104,3,LOCK,0,1
1787754648988,33573.141,-71.4,1.2080,2,TRACK,0,0
1787754649018,33573.141,0.0,1.2096,3,LOCK,0,1
1787754649048,33573.141,-35.7,1.2104,2,TRACK,0,0
1787754649078,33573.141,-23.8,1.2096,3,LOCK,0,1
1787754649108,33586.566,47.6,1.2104,2,TRACK,0,0
1787754649138,33586.566,-35.7,1.2104,2,TRACK,0,0
1787754649168,33586.566,-11.9,1.2104,3,LOCK,0,1
1787754649199,33573.141,-47.6,1.2096,2,TRACK,0,0
1787754649228,33573.141,-71.4,1.2120,2,TRACK,0,0
1787754649258,33586.566,-35.7,1.2112,2,TRACK,0,0
1787754649288,33707.863,6452.4,1.2128,1,WAIT ZCD,1,0
1787754649318,33694.344,6452.4,1.2128,1,WAIT ZCD,1,0
1787754649348,33707.863,6452.4,1.2128,1,WAIT ZCD,1,0
1787754649378,33707.863,6452.4,1.2128,1,WAIT ZCD,1,0
1787754649408,33707.863,6452.4,1.2128,1,WAIT ZCD,1,0
1787754649439,33721.398,6452.4,1.2128,1,WAIT ZCD,1,0
1787754649468,33707.863,6452.4,1.2128,1,WAIT ZCD,1,0
1787754649498,33707.863,6452.4,1.2128,1,WAIT ZCD,1,0
1787754649528,33707.863,6452.4,1.2128,1,WAIT ZCD,1,0
1787754649558,33721.398,6452.4,1.2128,1,WAIT ZCD,1,0
1787754649588,33707.863,6452.4,1.2128,1,WAIT ZCD,1,0
1787754649618,33707.863,6452.4,1.2128,1,WAIT ZCD,1,0
1787754649648,33721.398,6452.4,1.2128,1,WAIT ZCD,1,0
1787754649678,33707.863,6452.4,1.2128,1,WAIT ZCD,1,0
1787754649708,33707.863,6452.4,1.2128,1,WAIT ZCD,1,0
1787754649738,33721.398,6452.4,1.2128,1,WAIT ZCD,1,0
1787754649768,33707.863,6452.4,1.2128,1,WAIT ZCD,1,0
1787754649798,33721.398,6452.4,1.2128,1,WAIT ZCD,1,0
1787754649828,33721.398,6452.4,1.2128,1,WAIT ZCD,1,0
1787754649858,33721.398,6452.4,1.2128,1,WAIT ZCD,1,0
1787754649888,33707.863,6452.4,1.2128,1,WAIT ZCD,1,0
1787754649918,33707.863,6452.4,1.2128,1,WAIT ZCD,1,0
1787754649948,33707.863,6452.4,1.2128,1,WAIT ZCD,1,0
1787754649978,33707.863,6452.4,1.2128,1,WAIT ZCD,1,0
1787754650008,33707.863,6452.4,1.2128,1,WAIT ZCD,1,0
1787754650038,33707.863,6452.4,1.2128,1,WAIT ZCD,1,0
1787754650068,33721.398,6452.4,1.2128,1,WAIT ZCD,1,0
1787754650098,33707.863,6452.4,1.2128,1,WAIT ZCD,1,0
1787754650128,33721.398,6452.4,1.2128,1,WAIT ZCD,1,0
1787754650158,33707.863,6452.4,1.2128,1,WAIT ZCD,1,0
1787754650188,33707.863,6452.4,1.2128,1,WAIT ZCD,1,0
1787754650218,33707.863,6452.4,1.2128,1,WAIT ZCD,1,0
1787754650248,33721.398,6452.4,1.2128,1,WAIT ZCD,1,0
1787754650278,34869.242,9202.4,1.4868,2,TRACK,0,0
1787754650308,33680.836,2726.2,1.2322,2,TRACK,0,0
1787754650338,33600.000,392.9,1.2160,2,TRACK,0,0
1787754650368,33573.141,11.9,1.2112,3,LOCK,0,1
1787754650398,33573.141,23.8,1.2088,3,LOCK,0,1
1787754650428,33586.566,-11.9,1.2088,3,LOCK,0,1
1787754650458,33573.141,-23.8,1.2088,3,LOCK,0,1
1787754650488,33573.141,-11.9,1.2096,3,LOCK,0,1
1787754650518,33573.141,11.9,1.2096,3,LOCK,0,1
1787754650548,33586.566,-11.9,1.2104,3,LOCK,0,1
1787754650578,33573.141,-47.6,1.2112,2,TRACK,0,0
1787754650608,33586.566,11.9,1.2104,3,LOCK,0,1
1787754650638,33573.141,-11.9,1.2112,3,LOCK,0,1
1787754650668,33586.566,-47.6,1.2096,2,TRACK,0,0
1787754650698,33573.141,47.6,1.2120,2,TRACK,0,0
1787754650728,33707.863,9202.4,1.2112,1,WAIT ZCD,1,0
1787754650758,33707.863,9202.4,1.2112,1,WAIT ZCD,1,0
1787754650788,33707.863,9202.4,1.2112,1,WAIT ZCD,1,0
1787754650818,33707.863,9202.4,1.2112,1,WAIT ZCD,1,0
1787754650848,33707.863,9202.4,1.2112,1,WAIT ZCD,1,0
1787754650878,33707.863,9202.4,1.2112,1,WAIT ZCD,1,0
1787754650908,33707.863,9202.4,1.2112,1,WAIT ZCD,1,0
1787754650938,33707.863,9202.4,1.2112,1,WAIT ZCD,1,0
1787754650968,33694.344,9202.4,1.2112,1,WAIT ZCD,1,0
1787754650998,33694.344,9202.4,1.2112,1,WAIT ZCD,1,0
1787754651028,33707.863,9202.4,1.2112,1,WAIT ZCD,1,0
1787754651058,33707.863,9202.4,1.2112,1,WAIT ZCD,1,0
1787754651088,33707.863,9202.4,1.2112,1,WAIT ZCD,1,0
1787754651118,33707.863,9202.4,1.2112,1,WAIT ZCD,1,0
1787754651148,33707.863,9202.4,1.2112,1,WAIT ZCD,1,0
1787754651178,33707.863,9202.4,1.2112,1,WAIT ZCD,1,0
1787754651208,33707.863,9202.4,1.2112,1,WAIT ZCD,1,0
1787754651238,33707.863,9202.4,1.2112,1,WAIT ZCD,1,0
1787754651268,33707.863,9202.4,1.2112,1,WAIT ZCD,1,0
1787754651298,33707.863,9202.4,1.2112,1,WAIT ZCD,1,0
1787754651328,33707.863,9202.4,1.2112,1,WAIT ZCD,1,0
1787754651358,33707.863,9202.4,1.2112,1,WAIT ZCD,1,0
1787754651388,33707.863,9202.4,1.2112,1,WAIT ZCD,1,0
1787754651418,33707.863,9202.4,1.2112,1,WAIT ZCD,1,0
1787754651448,33707.863,9202.4,1.2112,1,WAIT ZCD,1,0
1787754651478,33694.344,9202.4,1.2112,1,WAIT ZCD,1,0
1787754651508,33707.863,9202.4,1.2112,1,WAIT ZCD,1,0
1787754651538,33707.863,9202.4,1.2112,1,WAIT ZCD,1,0
1787754651568,33694.344,9202.4,1.2112,1,WAIT ZCD,1,0
1787754651598,33707.863,9202.4,1.2112,1,WAIT ZCD,1,0
1787754651628,33707.863,9202.4,1.2112,1,WAIT ZCD,1,0
1787754651658,33707.863,9202.4,1.2112,1,WAIT ZCD,1,0
1787754651688,33707.863,9202.4,1.2112,1,WAIT ZCD,1,0
1787754651718,33707.863,9202.4,1.2112,1,WAIT ZCD,1,0
1787754651748,34077.078,7464.3,1.3023,2,TRACK,0,0
1787754651778,33626.902,1059.5,1.2249,2,TRACK,0,0
1787754651808,33573.141,166.7,1.2120,2,TRACK,0,0
1787754651838,33586.566,23.8,1.2096,3,LOCK,0,1
1787754651868,33573.141,59.5,1.2096,2,TRACK,0,0
1787754651898,33586.566,-11.9,1.2096,3,LOCK,0,1
1787754651928,33586.566,-11.9,1.2096,3,LOCK,0,1
1787754651958,33586.566,35.7,1.2104,2,TRACK,0,0
1787754651988,33586.566,0.0,1.2096,3,LOCK,0,1
1787754652018,33573.141,-23.8,1.2104,3,LOCK,0,1
1787754652048,33573.141,35.7,1.2112,2,TRACK,0,0
1787754652078,33573.141,-23.8,1.2112,3,LOCK,0,1
1787754652108,33586.566,59.5,1.2120,2,TRACK,0,0
1787754652138,33573.141,11.9,1.2120,3,LOCK,0,1
1787754652168,33573.141,-35.7,1.2104,2,TRACK,0,0
1787754652198,33762.059,7464.3,1.2281,1,WAIT ZCD,1,0
1787754652228,33762.059,7464.3,1.2281,1,WAIT ZCD,1,0
1787754652258,33762.059,7464.3,1.2281,1,WAIT ZCD,1,0
1787754652288,33762.059,7464.3,1.2281,1,WAIT ZCD,1,0
1787754652318,33762.059,7464.3,1.2281,1,WAIT ZCD,1,0
1787754652348,33762.059,7464.3,1.2281,1,WAIT ZCD,1,0
1787754652378,33762.059,7464.3,1.2281,1,WAIT ZCD,1,0
1787754652408,33762.059,7464.3,1.2281,1,WAIT ZCD,1,0
1787754652438,33762.059,7464.3,1.2281,1,WAIT ZCD,1,0
1787754652468,33748.492,7464.3,1.2281,1,WAIT ZCD,1,0
1787754652498,33748.492,7464.3,1.2281,1,WAIT ZCD,1,0
1787754652528,33762.059,7464.3,1.2281,1,WAIT ZCD,1,0
1787754652558,33762.059,7464.3,1.2281,1,WAIT ZCD,1,0
1787754652588,33762.059,7464.3,1.2281,1,WAIT ZCD,1,0
1787754652618,33762.059,7464.3,1.2281,1,WAIT ZCD,1,0
1787754652648,33762.059,7464.3,1.2281,1,WAIT ZCD,1,0
1787754652678,33762.059,7464.3,1.2281,1,WAIT ZCD,1,0
1787754652708,33748.492,7464.3,1.2281,1,WAIT ZCD,1,0
1787754652738,33762.059,7464.3,1.2281,1,WAIT ZCD,1,0
1787754652768,33748.492,7464.3,1.2281,1,WAIT ZCD,1,0
1787754652798,33762.059,7464.3,1.2281,1,WAIT ZCD,1,0
1787754652828,33748.492,7464.3,1.2281,1,WAIT ZCD,1,0
1787754652858,33762.059,7464.3,1.2281,1,WAIT ZCD,1,0
1787754652888,33748.492,7464.3,1.2281,1,WAIT ZCD,1,0
1787754652918,33762.059,7464.3,1.2281,1,WAIT ZCD,1,0
1787754652948,33762.059,7464.3,1.2281,1,WAIT ZCD,1,0
1787754652978,33762.059,7464.3,1.2281,1,WAIT ZCD,1,0
1787754653008,33762.059,7464.3,1.2281,1,WAIT ZCD,1,0
1787754653038,33762.059,7464.3,1.2281,1,WAIT ZCD,1,0
1787754653068,33762.059,7464.3,1.2281,1,WAIT ZCD,1,0
1787754653098,33762.059,7464.3,1.2281,1,WAIT ZCD,1,0
1787754653128,33762.059,7464.3,1.2281,1,WAIT ZCD,1,0
1787754653158,33762.059,7464.3,1.2281,1,WAIT ZCD,1,0
1787754653189,35502.957,9750.0,1.6198,2,TRACK,0,0
1787754653218,33775.633,4583.3,1.2459,2,TRACK,0,0
1787754653248,33600.000,500.0,1.2177,2,TRACK,0,0
1787754653278,33586.566,95.2,1.2112,2,TRACK,0,0
1787754653308,33586.566,11.9,1.2080,3,LOCK,0,1
1787754653338,33573.141,-35.7,1.2088,2,TRACK,0,0
1787754653368,33586.566,59.5,1.2104,2,TRACK,0,0
1787754653398,33586.566,0.0,1.2088,3,LOCK,0,1
1787754653428,33586.566,23.8,1.2104,3,LOCK,0,1
1787754653458,33586.566,95.2,1.2080,2,TRACK,0,0
1787754653488,33586.566,23.8,1.2088,3,LOCK,0,1
1787754653518,33573.141,-35.7,1.2104,2,TRACK,0,0
1787754653548,33600.000,47.6,1.2096,2,TRACK,0,0
1787754653578,33586.566,-11.9,1.2096,3,LOCK,0,1
1787754653608,33586.566,71.4,1.2120,2,TRACK,0,0
1787754653638,33626.902,-9857.1,1.1814,2,TRACK,0,0
1787754653668,33694.344,9750.0,1.2112,1,WAIT ZCD,1,0
1787754653698,33694.344,9750.0,1.2112,1,WAIT ZCD,1,0
1787754653729,33707.863,9750.0,1.2112,1,WAIT ZCD,1,0
1787754653758,33707.863,9750.0,1.2112,1,WAIT ZCD,1,0
1787754653788,33694.344,9750.0,1.2112,1,WAIT ZCD,1,0
1787754653818,33707.863,9750.0,1.2112,1,WAIT ZCD,1,0
1787754653848,33707.863,9750.0,1.2112,1,WAIT ZCD,1,0
1787754653878,33694.344,9750.0,1.2112,1,WAIT ZCD,1,0
1787754653908,33707.863,9750.0,1.2112,1,WAIT ZCD,1,0
1787754653938,33694.344,9750.0,1.2112,1,WAIT ZCD,1,0
1787754653969,33694.344,9750.0,1.2112,1,WAIT ZCD,1,0
1787754653998,33707.863,9750.0,1.2112,1,WAIT ZCD,1,0
1787754654028,33707.863,9750.0,1.2112,1,WAIT ZCD,1,0
1787754654058,33694.344,9750.0,1.2112,1,WAIT ZCD,1,0
1787754654088,33707.863,9750.0,1.2112,1,WAIT ZCD,1,0
1787754654118,33707.863,9750.0,1.2112,1,WAIT ZCD,1,0
1787754654148,33707.863,9750.0,1.2112,1,WAIT ZCD,1,0
1787754654178,33707.863,9750.0,1.2112,1,WAIT ZCD,1,0
1787754654208,33694.344,9750.0,1.2112,1,WAIT ZCD,1,0
1787754654238,33707.863,9750.0,1.2112,1,WAIT ZCD,1,0
1787754654268,33707.863,9750.0,1.2112,1,WAIT ZCD,1,0
1787754654298,33694.344,9750.0,1.2112,1,WAIT ZCD,1,0
1787754654328,33707.863,9750.0,1.2112,1,WAIT ZCD,1,0
1787754654359,33707.863,9750.0,1.2112,1,WAIT ZCD,1,0
1787754654388,33707.863,9750.0,1.2112,1,WAIT ZCD,1,0
1787754654418,33707.863,9750.0,1.2112,1,WAIT ZCD,1,0
1787754654448,33707.863,9750.0,1.2112,1,WAIT ZCD,1,0
1787754654478,33694.344,9750.0,1.2112,1,WAIT ZCD,1,0
1787754654508,33694.344,9750.0,1.2112,1,WAIT ZCD,1,0
1787754654538,33707.863,9750.0,1.2112,1,WAIT ZCD,1,0
1787754654568,33707.863,9750.0,1.2112,1,WAIT ZCD,1,0
1787754654598,33694.344,9750.0,1.2112,1,WAIT ZCD,1,0
1787754654629,33707.863,9750.0,1.2112,1,WAIT ZCD,1,0
1787754654658,34582.133,8881.0,1.4207,2,TRACK,0,0
1787754654689,33667.336,2011.9,1.2281,2,TRACK,0,0
1787754654719,33586.566,250.0,1.2128,2,TRACK,0,0
1787754654748,33573.141,11.9,1.2096,3,LOCK,0,1
1787754654778,33573.141,0.0,1.2088,3,LOCK,0,1
1787754654808,33573.141,35.7,1.2104,2,TRACK,0,0
1787754654838,33573.141,0.0,1.2088,3,LOCK,0,1
1787754654868,33586.566,0.0,1.2088,3,LOCK,0,1
1787754654898,33586.566,23.8,1.2088,3,LOCK,0,1
1787754654928,33586.566,-11.9,1.2096,3,LOCK,0,1
1787754654959,33573.141,-95.2,1.2120,2,TRACK,0,0
1787754654988,33573.141,-11.9,1.2096,3,LOCK,0,1
1787754655018,33573.141,11.9,1.2104,3,LOCK,0,1
1787754655048,33586.566,-11.9,1.2104,3,LOCK,0,1
1787754655078,33573.141,47.6,1.2120,2,TRACK,0,0
1787754655108,33707.863,8881.0,1.2104,1,WAIT ZCD,1,0
1787754655138,33694.344,8881.0,1.2104,1,WAIT ZCD,1,0
1787754655168,33707.863,8881.0,1.2104,1,WAIT ZCD,1,0
1787754655198,33694.344,8881.0,1.2104,1,WAIT ZCD,1,0
1787754655228,33694.344,8881.0,1.2104,1,WAIT ZCD,1,0
1787754655258,33707.863,8881.0,1.2104,1,WAIT ZCD,1,0
1787754655288,33694.344,8881.0,1.2104,1,WAIT ZCD,1,0
1787754655318,33707.863,8881.0,1.2104,1,WAIT ZCD,1,0
1787754655348,33707.863,8881.0,1.2104,1,WAIT ZCD,1,0
1787754655378,33707.863,8881.0,1.2104,1,WAIT ZCD,1,0
1787754655408,33707.863,8881.0,1.2104,1,WAIT ZCD,1,0
1787754655438,33694.344,8881.0,1.2104,1,WAIT ZCD,1,0
1787754655468,33707.863,8881.0,1.2104,1,WAIT ZCD,1,0
1787754655498,33707.863,8881.0,1.2104,1,WAIT ZCD,1,0
1787754655528,33694.344,8881.0,1.2104,1,WAIT ZCD,1,0
1787754655558,33707.863,8881.0,1.2104,1,WAIT ZCD,1,0
1787754655588,33694.344,8881.0,1.2104,1,WAIT ZCD,1,0
1787754655618,33707.863,8881.0,1.2104,1,WAIT ZCD,1,0
1787754655648,33694.344,8881.0,1.2104,1,WAIT ZCD,1,0
1787754655678,33707.863,8881.0,1.2104,1,WAIT ZCD,1,0
1787754655708,33694.344,8881.0,1.2104,1,WAIT ZCD,1,0
1787754655738,33694.344,8881.0,1.2104,1,WAIT ZCD,1,0
1787754655768,33707.863,8881.0,1.2104,1,WAIT ZCD,1,0
1787754655799,33694.344,8881.0,1.2104,1,WAIT ZCD,1,0
1787754655828,33707.863,8881.0,1.2104,1,WAIT ZCD,1,0
1787754655858,33707.863,8881.0,1.2104,1,WAIT ZCD,1,0
1787754655888,33694.344,8881.0,1.2104,1,WAIT ZCD,1,0
1787754655918,33707.863,8881.0,1.2104,1,WAIT ZCD,1,0
1787754655948,33694.344,8881.0,1.2104,1,WAIT ZCD,1,0
1787754655978,33694.344,8881.0,1.2104,1,WAIT ZCD,1,0
1787754656008,33707.863,8881.0,1.2104,1,WAIT ZCD,1,0
1787754656038,33694.344,8881.0,1.2104,1,WAIT ZCD,1,0
1787754656068,33707.863,8881.0,1.2104,1,WAIT ZCD,1,0
1787754656099,33694.344,8881.0,1.2104,1,WAIT ZCD,1,0
1787754656128,33694.344,8881.0,1.2104,1,WAIT ZCD,1,0
1787754656158,33707.863,8881.0,1.2104,1,WAIT ZCD,1,0
1787754656188,33694.344,8881.0,1.2104,1,WAIT ZCD,1,0
1787754656219,33707.863,8881.0,1.2104,1,WAIT ZCD,1,0
1787754656248,33694.344,8881.0,1.2104,1,WAIT ZCD,1,0
1787754656278,33694.344,8881.0,1.2104,1,WAIT ZCD,1,0
1787754656308,33694.344,8881.0,1.2104,1,WAIT ZCD,1,0
1787754656339,33707.863,8881.0,1.2104,1,WAIT ZCD,1,0
1787754656368,33707.863,8881.0,1.2104,1,WAIT ZCD,1,0
1787754656398,33707.863,8881.0,1.2104,1,WAIT ZCD,1,0
1787754656428,33694.344,8881.0,1.2104,1,WAIT ZCD,1,0
1787754656458,33694.344,8881.0,1.2104,1,WAIT ZCD,1,0
1787754656489,33707.863,8881.0,1.2104,1,WAIT ZCD,1,0
1787754656518,33694.344,8881.0,1.2104,1,WAIT ZCD,1,0
1787754656548,33694.344,8881.0,1.2104,1,WAIT ZCD,1,0
1787754656578,33694.344,8881.0,1.2104,1,WAIT ZCD,1,0
1787754656608,33707.863,8881.0,1.2104,1,WAIT ZCD,1,0
1787754656638,33694.344,8881.0,1.2104,1,WAIT ZCD,1,0
1787754656669,33694.344,8881.0,1.2104,1,WAIT ZCD,1,0
1787754656700,33707.863,8881.0,1.2104,1,WAIT ZCD,1,0
1787754656728,33707.863,8881.0,1.2104,1,WAIT ZCD,1,0
1787754656758,33694.344,8881.0,1.2104,1,WAIT ZCD,1,0
1787754656788,33707.863,8881.0,1.2104,1,WAIT ZCD,1,0
1787754656818,33694.344,8881.0,1.2104,1,WAIT ZCD,1,0
1787754656848,33694.344,8881.0,1.2104,1,WAIT ZCD,1,0
1787754656879,33707.863,8881.0,1.2104,1,WAIT ZCD,1,0
1787754656908,33694.344,8881.0,1.2104,1,WAIT ZCD,1,0
1787754656939,33707.863,8881.0,1.2104,1,WAIT ZCD,1,0
1787754656968,33707.863,8881.0,1.2104,1,WAIT ZCD,1,0
1787754656998,33694.344,8881.0,1.2104,1,WAIT ZCD,1,0
1787754657028,33694.344,8881.0,1.2104,1,WAIT ZCD,1,0
1787754657059,33694.344,8881.0,1.2104,1,WAIT ZCD,1,0
1787754657088,33694.344,8881.0,1.2104,1,WAIT ZCD,1,0
1787754657118,33694.344,8881.0,1.2104,1,WAIT ZCD,1,0
1787754657148,33694.344,8881.0,1.2104,1,WAIT ZCD,1,0
1787754657179,33694.344,8881.0,1.2104,1,WAIT ZCD,1,0
1787754657208,33707.863,8881.0,1.2104,1,WAIT ZCD,1,0
1787754657238,33694.344,8881.0,1.2104,1,WAIT ZCD,1,0
1787754657269,33707.863,8881.0,1.2104,1,WAIT ZCD,1,0
1787754657298,33694.344,8881.0,1.2104,1,WAIT ZCD,1,0
1787754657328,33694.344,8881.0,1.2104,1,WAIT ZCD,1,0
1787754657359,33707.863,8881.0,1.2104,1,WAIT ZCD,1,0
1787754657389,33707.863,8881.0,1.2104,1,WAIT ZCD,1,0
1787754657418,33707.863,8881.0,1.2104,1,WAIT ZCD,1,0
1787754657448,33707.863,8881.0,1.2104,1,WAIT ZCD,1,0
1787754657479,33694.344,8881.0,1.2104,1,WAIT ZCD,1,0
1787754657508,33694.344,8881.0,1.2104,1,WAIT ZCD,1,0
1787754657538,33707.863,8881.0,1.2104,1,WAIT ZCD,1,0
1787754657568,33694.344,8881.0,1.2104,1,WAIT ZCD,1,0
1787754657598,33694.344,8881.0,1.2104,1,WAIT ZCD,1,0
1787754657629,33707.863,8881.0,1.2104,1,WAIT ZCD,1,0
1787754657659,33694.344,8881.0,1.2104,1,WAIT ZCD,1,0
1787754657688,33694.344,8881.0,1.2104,1,WAIT ZCD,1,0
1787754657718,33707.863,8881.0,1.2104,1,WAIT ZCD,1,0
1787754657749,33694.344,8881.0,1.2104,1,WAIT ZCD,1,0
1787754657778,33707.863,8881.0,1.2104,1,WAIT ZCD,1,0
1787754657809,33694.344,8881.0,1.2104,1,WAIT ZCD,1,0
1787754657839,33694.344,8881.0,1.2104,1,WAIT ZCD,1,0
1787754657868,33694.344,8881.0,1.2104,1,WAIT ZCD,1,0
1787754657898,33694.344,8881.0,1.2104,1,WAIT ZCD,1,0
1787754657928,33694.344,8881.0,1.2104,1,WAIT ZCD,1,0
1787754657958,33694.344,8881.0,1.2104,1,WAIT ZCD,1,0
1787754657989,33694.344,8881.0,1.2104,1,WAIT ZCD,1,0
1787754658019,33707.863,8881.0,1.2104,1,WAIT ZCD,1,0
1787754658048,33707.863,8881.0,1.2104,1,WAIT ZCD,1,0
1787754658079,33694.344,8881.0,1.2104,1,WAIT ZCD,1,0
1787754658109,33694.344,8881.0,1.2104,1,WAIT ZCD,1,0
1787754658139,33694.344,8881.0,1.2104,1,WAIT ZCD,1,0
1787754658169,33694.344,8881.0,1.2104,1,WAIT ZCD,1,0
1787754658199,33694.344,8881.0,1.2104,1,WAIT ZCD,1,0
1787754658228,33694.344,8881.0,1.2104,1,WAIT ZCD,1,0
1787754658258,33694.344,8881.0,1.2104,1,WAIT ZCD,1,0
1787754658289,33694.344,8881.0,1.2104,1,WAIT ZCD,1,0
1787754658318,33707.863,8881.0,1.2104,1,WAIT ZCD,1,0
1787754658349,33707.863,8881.0,1.2104,1,WAIT ZCD,1,0
1787754658379,33694.344,8881.0,1.2104,1,WAIT ZCD,1,0
1787754658409,33707.863,8881.0,1.2104,1,WAIT ZCD,1,0
1787754658438,33707.863,8881.0,1.2104,1,WAIT ZCD,1,0
1787754658469,33694.344,8881.0,1.2104,1,WAIT ZCD,1,0
1787754658499,33707.863,8881.0,1.2104,1,WAIT ZCD,1,0
1787754658528,33707.863,8881.0,1.2104,1,WAIT ZCD,1,0
1787754658559,33707.863,8881.0,1.2104,1,WAIT ZCD,1,0
1787754658588,33694.344,8881.0,1.2104,1,WAIT ZCD,1,0
1787754658619,33694.344,8881.0,1.2104,1,WAIT ZCD,1,0
1787754658649,33707.863,8881.0,1.2104,1,WAIT ZCD,1,0
1787754658679,33707.863,8881.0,1.2104,1,WAIT ZCD,1,0
1787754658709,33694.344,8881.0,1.2104,1,WAIT ZCD,1,0
1787754658739,33694.344,8881.0,1.2104,1,WAIT ZCD,1,0
1787754658769,33694.344,8881.0,1.2104,1,WAIT ZCD,1,0
1787754658799,33694.344,8881.0,1.2104,1,WAIT ZCD,1,0
1787754658828,33694.344,8881.0,1.2104,1,WAIT ZCD,1,0
1787754658859,33694.344,8881.0,1.2104,1,WAIT ZCD,1,0
1787754658889,33694.344,8881.0,1.2104,1,WAIT ZCD,1,0
1787754658918,33707.863,8881.0,1.2104,1,WAIT ZCD,1,0
1787754658949,33694.344,8881.0,1.2104,1,WAIT ZCD,1,0
1787754658979,33694.344,8881.0,1.2104,1,WAIT ZCD,1,0
1787754659009,33694.344,8881.0,1.2104,1,WAIT ZCD,1,0
1787754659039,33694.344,8881.0,1.2104,1,WAIT ZCD,1,0
1787754659069,33694.344,8881.0,1.2104,1,WAIT ZCD,1,0
1787754659099,33707.863,8881.0,1.2104,1,WAIT ZCD,1,0
1787754659129,33707.863,8881.0,1.2104,1,WAIT ZCD,1,0
1787754659159,33694.344,8881.0,1.2104,1,WAIT ZCD,1,0
1787754659189,33707.863,8881.0,1.2104,1,WAIT ZCD,1,0
1787754659219,33707.863,8881.0,1.2104,1,WAIT ZCD,1,0
1787754659249,33694.344,8881.0,1.2104,1,WAIT ZCD,1,0
1787754659279,33694.344,8881.0,1.2104,1,WAIT ZCD,1,0
1787754659309,33707.863,8881.0,1.2104,1,WAIT ZCD,1,0
1787754659339,33694.344,8881.0,1.2104,1,WAIT ZCD,1,0
1787754659369,33694.344,8881.0,1.2104,1,WAIT ZCD,1,0
1787754659399,33707.863,8881.0,1.2104,1,WAIT ZCD,1,0
1787754659429,33680.836,8881.0,1.2104,1,WAIT ZCD,1,0
1787754659459,33707.863,8881.0,1.2104,1,WAIT ZCD,1,0
1787754659489,33694.344,8881.0,1.2104,1,WAIT ZCD,1,0
1787754659519,33694.344,8881.0,1.2104,1,WAIT ZCD,1,0
1787754659549,33694.344,8881.0,1.2104,1,WAIT ZCD,1,0
1787754659579,33707.863,8881.0,1.2104,1,WAIT ZCD,1,0
1787754659609,33694.344,8881.0,1.2104,1,WAIT ZCD,1,0
1787754659639,33694.344,8881.0,1.2104,1,WAIT ZCD,1,0
1787754659669,33694.344,8881.0,1.2104,1,WAIT ZCD,1,0
1787754659699,33707.863,8881.0,1.2104,1,WAIT ZCD,1,0
1787754659729,33694.344,8881.0,1.2104,1,WAIT ZCD,1,0
1787754659759,33707.863,8881.0,1.2104,1,WAIT ZCD,1,0
1787754659789,33707.863,8881.0,1.2104,1,WAIT ZCD,1,0
1787754659819,33694.344,8881.0,1.2104,1,WAIT ZCD,1,0
1787754659849,33694.344,8881.0,1.2104,1,WAIT ZCD,1,0
1787754659879,33694.344,8881.0,1.2104,1,WAIT ZCD,1,0
1787754659909,33694.344,8881.0,1.2104,1,WAIT ZCD,1,0
1787754659939,33707.863,8881.0,1.2104,1,WAIT ZCD,1,0
1787754659969,33694.344,8881.0,1.2104,1,WAIT ZCD,1,0
1787754659999,33707.863,8881.0,1.2104,1,WAIT ZCD,1,0
1787754660029,33694.344,8881.0,1.2104,1,WAIT ZCD,1,0
1787754660059,33694.344,8881.0,1.2104,1,WAIT ZCD,1,0
1787754660089,33694.344,8881.0,1.2104,1,WAIT ZCD,1,0
1787754660119,33694.344,8881.0,1.2104,1,WAIT ZCD,1,0
1787754660149,33694.344,8881.0,1.2104,1,WAIT ZCD,1,0
1787754660179,33694.344,8881.0,1.2104,1,WAIT ZCD,1,0
1787754660209,33694.344,8881.0,1.2104,1,WAIT ZCD,1,0
1787754660239,33694.344,8881.0,1.2104,1,WAIT ZCD,1,0
1787754660269,33694.344,8881.0,1.2104,1,WAIT ZCD,1,0
1787754660299,33694.344,8881.0,1.2104,1,WAIT ZCD,1,0
1787754660329,33694.344,8881.0,1.2104,1,WAIT ZCD,1,0
1787754660359,33694.344,8881.0,1.2104,1,WAIT ZCD,1,0
1787754660389,33694.344,8881.0,1.2104,1,WAIT ZCD,1,0
1787754660419,33694.344,8881.0,1.2104,1,WAIT ZCD,1,0
1787754660449,33694.344,8881.0,1.2104,1,WAIT ZCD,1,0
1787754660479,33707.863,8881.0,1.2104,1,WAIT ZCD,1,0
1787754660509,33694.344,8881.0,1.2104,1,WAIT ZCD,1,0
1787754660539,33694.344,8881.0,1.2104,1,WAIT ZCD,1,0
1787754660569,33694.344,8881.0,1.2104,1,WAIT ZCD,1,0
1787754660599,33694.344,8881.0,1.2104,1,WAIT ZCD,1,0
1787754660629,33694.344,8881.0,1.2104,1,WAIT ZCD,1,0
1787754660659,33694.344,8881.0,1.2104,1,WAIT ZCD,1,0
1787754660689,33694.344,8881.0,1.2104,1,WAIT ZCD,1,0
1787754660719,33707.863,8881.0,1.2104,1,WAIT ZCD,1,0
1787754660749,33694.344,8881.0,1.2104,1,WAIT ZCD,1,0
1787754660779,33694.344,8881.0,1.2104,1,WAIT ZCD,1,0
1787754660809,33694.344,8881.0,1.2104,1,WAIT ZCD,1,0
1787754660839,33694.344,8881.0,1.2104,1,WAIT ZCD,1,0
1787754660869,33694.344,8881.0,1.2104,1,WAIT ZCD,1,0
1787754660899,33694.344,8881.0,1.2104,1,WAIT ZCD,1,0
1787754660929,33694.344,8881.0,1.2104,1,WAIT ZCD,1,0
1787754660959,33694.344,8881.0,1.2104,1,WAIT ZCD,1,0
1787754660989,33707.863,8881.0,1.2104,1,WAIT ZCD,1,0
1787754661019,33694.344,8881.0,1.2104,1,WAIT ZCD,1,0
1787754661049,33694.344,8881.0,1.2104,1,WAIT ZCD,1,0
1787754661079,33707.863,8881.0,1.2104,1,WAIT ZCD,1,0
1787754661109,33707.863,8881.0,1.2104,1,WAIT ZCD,1,0
1787754661139,33694.344,8881.0,1.2104,1,WAIT ZCD,1,0
1787754661169,33694.344,8881.0,1.2104,1,WAIT ZCD,1,0
1787754661199,33694.344,8881.0,1.2104,1,WAIT ZCD,1,0
1787754661229,33694.344,8881.0,1.2104,1,WAIT ZCD,1,0
1787754661259,33694.344,8881.0,1.2104,1,WAIT ZCD,1,0
1787754661289,33694.344,8881.0,1.2104,1,WAIT ZCD,1,0
1787754661319,33694.344,8881.0,1.2104,1,WAIT ZCD,1,0
1787754661349,33694.344,8881.0,1.2104,1,WAIT ZCD,1,0
1787754661379,33707.863,8881.0,1.2104,1,WAIT ZCD,1,0
1787754661409,33694.344,8881.0,1.2104,1,WAIT ZCD,1,0
1787754661439,33694.344,8881.0,1.2104,1,WAIT ZCD,1,0
1787754661469,33694.344,8881.0,1.2104,1,WAIT ZCD,1,0
1787754661499,33694.344,8881.0,1.2104,1,WAIT ZCD,1,0
1787754661529,33680.836,8881.0,1.2104,1,WAIT ZCD,1,0
1787754661559,33694.344,8881.0,1.2104,1,WAIT ZCD,1,0
1787754661589,33694.344,8881.0,1.2104,1,WAIT ZCD,1,0
1787754661619,33694.344,8881.0,1.2104,1,WAIT ZCD,1,0
1787754661649,33694.344,8881.0,1.2104,1,WAIT ZCD,1,0
1787754661679,33694.344,8881.0,1.2104,1,WAIT ZCD,1,0
1787754661709,33694.344,8881.0,1.2104,1,WAIT ZCD,1,0
1787754661739,33680.836,8881.0,1.2104,1,WAIT ZCD,1,0
1787754661769,33694.344,8881.0,1.2104,1,WAIT ZCD,1,0
1787754661799,33694.344,8881.0,1.2104,1,WAIT ZCD,1,0
1787754661829,33707.863,8881.0,1.2104,1,WAIT ZCD,1,0
1787754661859,33680.836,8881.0,1.2104,1,WAIT ZCD,1,0
1787754661889,33694.344,8881.0,1.2104,1,WAIT ZCD,1,0
1787754661919,33694.344,8881.0,1.2104,1,WAIT ZCD,1,0
1787754661949,33694.344,8881.0,1.2104,1,WAIT ZCD,1,0
1787754661979,33694.344,8881.0,1.2104,1,WAIT ZCD,1,0
1787754662009,33694.344,8881.0,1.2104,1,WAIT ZCD,1,0
1787754662039,33694.344,8881.0,1.2104,1,WAIT ZCD,1,0
1787754662069,33707.863,8881.0,1.2104,1,WAIT ZCD,1,0
1787754662099,33694.344,8881.0,1.2104,1,WAIT ZCD,1,0
1787754662129,33694.344,8881.0,1.2104,1,WAIT ZCD,1,0
1787754662159,33694.344,8881.0,1.2104,1,WAIT ZCD,1,0
1787754662189,33694.344,8881.0,1.2104,1,WAIT ZCD,1,0
1787754662219,33680.836,8881.0,1.2104,1,WAIT ZCD,1,0
1787754662249,33694.344,8881.0,1.2104,1,WAIT ZCD,1,0
1787754662279,33694.344,8881.0,1.2104,1,WAIT ZCD,1,0
1787754662309,33707.863,8881.0,1.2104,1,WAIT ZCD,1,0
1787754662339,33694.344,8881.0,1.2104,1,WAIT ZCD,1,0
1787754662369,33694.344,8881.0,1.2104,1,WAIT ZCD,1,0
1787754662399,33694.344,8881.0,1.2104,1,WAIT ZCD,1,0
1787754662429,33694.344,8881.0,1.2104,1,WAIT ZCD,1,0
1787754662459,33694.344,8881.0,1.2104,1,WAIT ZCD,1,0
1787754662489,33694.344,8881.0,1.2104,1,WAIT ZCD,1,0
1787754662519,33694.344,8881.0,1.2104,1,WAIT ZCD,1,0
1787754662549,33694.344,8881.0,1.2104,1,WAIT ZCD,1,0
1787754662579,33694.344,8881.0,1.2104,1,WAIT ZCD,1,0
1787754662609,33680.836,8881.0,1.2104,1,WAIT ZCD,1,0
1787754662639,33694.344,8881.0,1.2104,1,WAIT ZCD,1,0
1787754662669,33694.344,8881.0,1.2104,1,WAIT ZCD,1,0
1787754662699,33680.836,8881.0,1.2104,1,WAIT ZCD,1,0
1787754662729,33694.344,8881.0,1.2104,1,WAIT ZCD,1,0
1787754662759,33680.836,8881.0,1.2104,1,WAIT ZCD,1,0
1787754662789,33680.836,8881.0,1.2104,1,WAIT ZCD,1,0
1787754662819,33694.344,8881.0,1.2104,1,WAIT ZCD,1,0
1787754662849,33694.344,8881.0,1.2104,1,WAIT ZCD,1,0
1787754662879,33694.344,8881.0,1.2104,1,WAIT ZCD,1,0
1787754662909,33694.344,8881.0,1.2104,1,WAIT ZCD,1,0
1787754662939,33694.344,8881.0,1.2104,1,WAIT ZCD,1,0
1787754662969,33694.344,8881.0,1.2104,1,WAIT ZCD,1,0
1787754662999,33680.836,8881.0,1.2104,1,WAIT ZCD,1,0
1787754663029,33694.344,8881.0,1.2104,1,WAIT ZCD,1,0
1787754663059,33694.344,8881.0,1.2104,1,WAIT ZCD,1,0
1787754663089,33694.344,8881.0,1.2104,1,WAIT ZCD,1,0
1787754663119,33694.344,8881.0,1.2104,1,WAIT ZCD,1,0
1787754663149,33694.344,8881.0,1.2104,1,WAIT ZCD,1,0
1787754663179,33694.344,8881.0,1.2104,1,WAIT ZCD,1,0
1787754663209,33694.344,8881.0,1.2104,1,WAIT ZCD,1,0
1787754663239,33707.863,8881.0,1.2104,1,WAIT ZCD,1,0
1787754663269,33694.344,8881.0,1.2104,1,WAIT ZCD,1,0
1787754663299,33694.344,8881.0,1.2104,1,WAIT ZCD,1,0
1787754663329,33694.344,8881.0,1.2104,1,WAIT ZCD,1,0
1787754663359,33694.344,8881.0,1.2104,1,WAIT ZCD,1,0
1787754663389,33694.344,8881.0,1.2104,1,WAIT ZCD,1,0
1787754663419,33694.344,8881.0,1.2104,1,WAIT ZCD,1,0
1787754663449,33694.344,8881.0,1.2104,1,WAIT ZCD,1,0
1787754663479,33694.344,8881.0,1.2104,1,WAIT ZCD,1,0
1787754663510,33680.836,8881.0,1.2104,1,WAIT ZCD,1,0
1787754663539,33694.344,8881.0,1.2104,1,WAIT ZCD,1,0
1787754663569,33694.344,8881.0,1.2104,1,WAIT ZCD,1,0
1787754663599,33694.344,8881.0,1.2104,1,WAIT ZCD,1,0
1787754663629,33694.344,8881.0,1.2104,1,WAIT ZCD,1,0
1787754663659,33694.344,8881.0,1.2104,1,WAIT ZCD,1,0
1787754663689,33694.344,8881.0,1.2104,1,WAIT ZCD,1,0
1787754663719,33694.344,8881.0,1.2104,1,WAIT ZCD,1,0
1787754663749,33694.344,8881.0,1.2104,1,WAIT ZCD,1,0
1787754663779,33694.344,8881.0,1.2104,1,WAIT ZCD,1,0
1787754663809,33694.344,8881.0,1.2104,1,WAIT ZCD,1,0
1787754663839,33694.344,8881.0,1.2104,1,WAIT ZCD,1,0
1787754663869,33694.344,8881.0,1.2104,1,WAIT ZCD,1,0
1787754663899,33694.344,8881.0,1.2104,1,WAIT ZCD,1,0
1787754663929,33680.836,8881.0,1.2104,1,WAIT ZCD,1,0
1787754663959,33694.344,8881.0,1.2104,1,WAIT ZCD,1,0
1787754663989,33694.344,8881.0,1.2104,1,WAIT ZCD,1,0
1787754664019,33694.344,8881.0,1.2104,1,WAIT ZCD,1,0
1787754664049,33694.344,8881.0,1.2104,1,WAIT ZCD,1,0
1787754664079,33680.836,8881.0,1.2104,1,WAIT ZCD,1,0
1787754664109,33694.344,8881.0,1.2104,1,WAIT ZCD,1,0
1787754664139,33694.344,8881.0,1.2104,1,WAIT ZCD,1,0
1787754664169,33694.344,8881.0,1.2104,1,WAIT ZCD,1,0
1787754664199,33694.344,8881.0,1.2104,1,WAIT ZCD,1,0
1787754664229,33694.344,8881.0,1.2104,1,WAIT ZCD,1,0
1787754664259,33680.836,8881.0,1.2104,1,WAIT ZCD,1,0
1787754664289,33694.344,8881.0,1.2104,1,WAIT ZCD,1,0
1787754664319,33694.344,8881.0,1.2104,1,WAIT ZCD,1,0
1787754664349,33680.836,8881.0,1.2104,1,WAIT ZCD,1,0
1787754664379,33694.344,8881.0,1.2104,1,WAIT ZCD,1,0
1787754664409,33694.344,8881.0,1.2104,1,WAIT ZCD,1,0
1787754664439,33694.344,8881.0,1.2104,1,WAIT ZCD,1,0
1787754664469,33694.344,8881.0,1.2104,1,WAIT ZCD,1,0
1787754664499,33680.836,8881.0,1.2104,1,WAIT ZCD,1,0
1787754664529,33694.344,8881.0,1.2104,1,WAIT ZCD,1,0
1787754664559,33707.863,8881.0,1.2104,1,WAIT ZCD,1,0
1787754664589,33680.836,8881.0,1.2104,1,WAIT ZCD,1,0
1787754664619,33694.344,8881.0,1.2104,1,WAIT ZCD,1,0
1787754664649,33694.344,8881.0,1.2104,1,WAIT ZCD,1,0
1787754664679,33680.836,8881.0,1.2104,1,WAIT ZCD,1,0
1787754664709,33694.344,8881.0,1.2104,1,WAIT ZCD,1,0
1787754664741,33680.836,8881.0,1.2104,1,WAIT ZCD,1,0
1787754664769,33694.344,8881.0,1.2104,1,WAIT ZCD,1,0
1787754664799,33694.344,8881.0,1.2104,1,WAIT ZCD,1,0
1787754664829,33694.344,8881.0,1.2104,1,WAIT ZCD,1,0
1787754664859,33680.836,8881.0,1.2104,1,WAIT ZCD,1,0
1787754664889,33694.344,8881.0,1.2104,1,WAIT ZCD,1,0
1787754664919,33694.344,8881.0,1.2104,1,WAIT ZCD,1,0
1787754664949,33680.836,8881.0,1.2104,1,WAIT ZCD,1,0
1787754664979,33694.344,8881.0,1.2104,1,WAIT ZCD,1,0
1787754665009,33694.344,8881.0,1.2104,1,WAIT ZCD,1,0
1787754665039,33694.344,8881.0,1.2104,1,WAIT ZCD,1,0
1787754665069,33694.344,8881.0,1.2104,1,WAIT ZCD,1,0
1787754665099,33694.344,8881.0,1.2104,1,WAIT ZCD,1,0
1787754665129,33694.344,8881.0,1.2104,1,WAIT ZCD,1,0
1787754665159,33694.344,8881.0,1.2104,1,WAIT ZCD,1,0
1787754665189,33694.344,8881.0,1.2104,1,WAIT ZCD,1,0
1787754665219,33694.344,8881.0,1.2104,1,WAIT ZCD,1,0
1787754665249,33694.344,8881.0,1.2104,1,WAIT ZCD,1,0
1787754665279,33694.344,8881.0,1.2104,1,WAIT ZCD,1,0
1787754665309,33680.836,8881.0,1.2104,1,WAIT ZCD,1,0
1787754665339,33694.344,8881.0,1.2104,1,WAIT ZCD,1,0
1787754665369,33680.836,8881.0,1.2104,1,WAIT ZCD,1,0
1787754665399,33694.344,8881.0,1.2104,1,WAIT ZCD,1,0
1787754665429,33694.344,8881.0,1.2104,1,WAIT ZCD,1,0
1787754665459,33694.344,8881.0,1.2104,1,WAIT ZCD,1,0
1787754665489,33680.836,8881.0,1.2104,1,WAIT ZCD,1,0
1787754665519,33694.344,8881.0,1.2104,1,WAIT ZCD,1,0
1787754665549,33680.836,8881.0,1.2104,1,WAIT ZCD,1,0
1787754665579,33680.836,8881.0,1.2104,1,WAIT ZCD,1,0
1787754665609,33694.344,8881.0,1.2104,1,WAIT ZCD,1,0
1787754665639,33694.344,8881.0,1.2104,1,WAIT ZCD,1,0
1787754665669,33694.344,8881.0,1.2104,1,WAIT ZCD,1,0
1787754665699,33680.836,8881.0,1.2104,1,WAIT ZCD,1,0
1787754665729,33694.344,8881.0,1.2104,1,WAIT ZCD,1,0
1787754665759,33694.344,8881.0,1.2104,1,WAIT ZCD,1,0
1787754665789,33694.344,8881.0,1.2104,1,WAIT ZCD,1,0
1787754665819,33694.344,8881.0,1.2104,1,WAIT ZCD,1,0
1787754665849,33694.344,8881.0,1.2104,1,WAIT ZCD,1,0
1787754665879,33694.344,8881.0,1.2104,1,WAIT ZCD,1,0
1787754665909,33694.344,8881.0,1.2104,1,WAIT ZCD,1,0
1787754665939,33694.344,8881.0,1.2104,1,WAIT ZCD,1,0
1787754665969,33694.344,8881.0,1.2104,1,WAIT ZCD,1,0
1787754665999,33694.344,8881.0,1.2104,1,WAIT ZCD,1,0
1787754666029,33694.344,8881.0,1.2104,1,WAIT ZCD,1,0
1787754666059,33694.344,8881.0,1.2104,1,WAIT ZCD,1,0
1787754666089,33694.344,8881.0,1.2104,1,WAIT ZCD,1,0
1787754666119,33707.863,8881.0,1.2104,1,WAIT ZCD,1,0
1787754666149,33694.344,8881.0,1.2104,1,WAIT ZCD,1,0
1787754666179,33694.344,8881.0,1.2104,1,WAIT ZCD,1,0
1787754666209,33694.344,8881.0,1.2104,1,WAIT ZCD,1,0
1787754666239,33680.836,8881.0,1.2104,1,WAIT ZCD,1,0
1787754666269,33680.836,8881.0,1.2104,1,WAIT ZCD,1,0
1787754666299,33694.344,8881.0,1.2104,1,WAIT ZCD,1,0
1787754666329,33680.836,8881.0,1.2104,1,WAIT ZCD,1,0
1787754666359,33694.344,8881.0,1.2104,1,WAIT ZCD,1,0
1787754666389,33694.344,8881.0,1.2104,1,WAIT ZCD,1,0
1787754666419,33694.344,8881.0,1.2104,1,WAIT ZCD,1,0
1787754666449,33680.836,8881.0,1.2104,1,WAIT ZCD,1,0
1787754666479,33694.344,8881.0,1.2104,1,WAIT ZCD,1,0
1787754666509,33680.836,8881.0,1.2104,1,WAIT ZCD,1,0
1787754666539,33680.836,8881.0,1.2104,1,WAIT ZCD,1,0
1787754666569,33680.836,8881.0,1.2104,1,WAIT ZCD,1,0
1787754666599,33680.836,8881.0,1.2104,1,WAIT ZCD,1,0
1787754666629,33694.344,8881.0,1.2104,1,WAIT ZCD,1,0
1787754666659,33680.836,8881.0,1.2104,1,WAIT ZCD,1,0
1787754666689,33694.344,8881.0,1.2104,1,WAIT ZCD,1,0
1787754666719,33680.836,8881.0,1.2104,1,WAIT ZCD,1,0
1787754666749,33694.344,8881.0,1.2104,1,WAIT ZCD,1,0
1787754666779,33694.344,8881.0,1.2104,1,WAIT ZCD,1,0
1787754666809,33694.344,8881.0,1.2104,1,WAIT ZCD,1,0
1787754666839,33694.344,8881.0,1.2104,1,WAIT ZCD,1,0
1787754666870,33694.344,8881.0,1.2104,1,WAIT ZCD,1,0
1787754666899,33694.344,8881.0,1.2104,1,WAIT ZCD,1,0
1787754666929,33694.344,8881.0,1.2104,1,WAIT ZCD,1,0
1787754666959,33694.344,8881.0,1.2104,1,WAIT ZCD,1,0
